actor,script,start_time,end_time,duration
설명,[주제곡],00:00:01,00:00:01,00:00:01
설명,[의미심장한 음악],00:00:43,00:00:43,00:00:43
빈센조,이제 그만,00:00:52,00:00:52,00:00:52
빈센조,장한석,00:00:56,00:00:56,00:00:56
빈센조,아이씨,00:00:59,00:00:59,00:00:59
빈센조,걸렸다,00:01:01,00:01:01,00:01:01
빈센조,어떻게 알았을까?,00:01:05,00:01:05,00:01:05
빈센조,불을 숨기는 건 가능하지만,00:01:06,00:01:06,00:01:06
빈센조,연기를 감추긴 힘들거든,00:01:08,00:01:08,00:01:08
준우,후드를 세게 틀었는데도,00:01:09,00:01:09,00:01:09
준우,연기가 남았나 보네?,00:01:13,00:01:13,00:01:13
준우,마지막 기도나 해,00:01:14,00:01:14,00:01:14
설명,[어두운 효과음],00:01:16,00:01:16,00:01:16
설명,[긴장되는 효과음],00:01:18,00:01:18,00:01:18
설명,[분위기가 고조되는 음악],00:01:21,00:01:21,00:01:21
준우,빨리 죽여,00:01:24,00:01:24,00:01:24
준우,이 마피아 새끼야,00:01:26,00:01:26,00:01:26
준우,원한다면,00:01:29,00:01:29,00:01:29
설명,[총성],00:01:46,00:01:46,00:01:46
설명,[준우의 떨리는 숨소리],00:01:47,00:01:47,00:01:47
설명,[거친 숨소리],00:01:49,00:01:49,00:01:49
정 검사,첫 발은 공포탄이고 두 번째 탄은 실탄입니다,00:01:51,00:01:51,00:01:51
정 검사,총 내려놓으세요,00:01:55,00:01:55,00:01:55
빈센조,이 사람이 바벨그룹의 실세,00:01:56,00:01:56,00:01:56
설명,[의미심장한 음악],00:01:58,00:01:58,00:01:58
빈센조,장한석 회장입니다,00:01:59,00:01:59,00:01:59
준우,나 장한석 아니에요!,00:02:01,00:02:01,00:02:01
준우,대체 왜 이러는 거예요!,00:02:02,00:02:02,00:02:02
준우,닥쳐! [준우의 겁먹은 신음],00:02:04,00:02:04,00:02:04
정 검사,이 사람이 장한석 회장이 맞는다면,00:02:05,00:02:05,00:02:05
정 검사,제가 알아서 다 조치하겠습니다,00:02:07,00:02:07,00:02:07
준우,나 장한석 아니에요,00:02:10,00:02:10,00:02:10
준우,아니라고요! 이씨,00:02:11,00:02:11,00:02:11
설명,[준우의 겁먹은 신음],00:02:14,00:02:14,00:02:14
정 검사,변호사님,00:02:17,00:02:17,00:02:17
정 검사,정말 발포합니다,00:02:19,00:02:19,00:02:19
설명,[준우의 거친 숨소리],00:02:21,00:02:21,00:02:21
정 검사,빨리 쏴 봐,00:02:24,00:02:24,00:02:24
정 검사,마피아 새끼야,00:02:26,00:02:26,00:02:26
설명,[성난 신음],00:02:28,00:02:28,00:02:28
설명,[총이 철컥 장전된다],00:02:29,00:02:29,00:02:29
설명,[준우의 거친 숨소리],00:02:30,00:02:30,00:02:30
정 검사,총 내려놓으세요,00:02:33,00:02:33,00:02:33
설명,[긴장되는 음악],00:02:34,00:02:34,00:02:34
정 검사,"쏴, 쏴",00:02:35,00:02:35,00:02:35
설명,[빈센조의 성난 신음],00:02:37,00:02:37,00:02:37
정 검사,변호사님,00:02:38,00:02:38,00:02:38
설명,[빈센조와 준우의 거친 숨소리],00:02:39,00:02:39,00:02:39
설명,[빈센조의 성난 신음],00:02:46,00:02:46,00:02:46
설명,[준우의 가쁜 숨소리],00:02:48,00:02:48,00:02:48
설명,[분위기가 고조되는 음악],00:02:51,00:02:51,00:02:51
설명,[준우의 거친 숨소리],00:02:53,00:02:53,00:02:53
정 검사,인터넷 방송 보고 다음 날 양동굴다리에 가 봤습니다,00:03:02,00:03:02,00:03:02
정 검사,"정리는 한 것 같지만 총알 자국, 핏자국이 남아 있더군요",00:03:06,00:03:06,00:03:06
정 검사,그날 이후로 변호사님을 계속 감시했습니다,00:03:09,00:03:09,00:03:09
정 검사,모시고 가,00:03:13,00:03:13,00:03:13
정 검사,그쪽도 같이 가죠,00:03:28,00:03:28,00:03:28
준우,예,00:03:32,00:03:32,00:03:32
설명,[엘리베이터 문이 탁 닫힌다],00:03:49,00:03:49,00:03:49
설명,[멀리서 사이렌 소리가 들린다],00:04:00,00:04:00,00:04:00
설명,[의미심장한 음악],00:04:01,00:04:01,00:04:01
준우,"치, 들어오자마자 나가시네?",00:04:03,00:04:03,00:04:03
준우,우리 회장님,00:04:06,00:04:06,00:04:06
준우,선배,00:04:07,00:04:07,00:04:07
준우,당연하지,00:04:09,00:04:09,00:04:09
명희,장준우 변호사는 살인 미수 피해자야,00:04:10,00:04:10,00:04:10
명희,0.1%도 잡혀 있을 이유가 없어,00:04:13,00:04:13,00:04:13
준우,"선배, 뭔가 오해가 있나 본데요",00:04:17,00:04:17,00:04:17
명희,"미쳤나, 이게 지금 뭐 하는 거야!",00:04:21,00:04:21,00:04:21
준우,"선배, 내 말 좀 들어 줘요",00:04:23,00:04:23,00:04:23
준우,"변호사님, 잠깐만요",00:04:26,00:04:26,00:04:26
준우,나 진짜 뭐가 뭔지 모르겠다고요,00:04:30,00:04:30,00:04:30
준우,"그래, 백번 양보해서",00:04:32,00:04:32,00:04:32
준우,사람이 사람한테 장난 좀 칠 수 있다고 치자,00:04:33,00:04:33,00:04:33
차영,너 즐거웠으면 됐고 나 기분 더러우면 그만이고,00:04:36,00:04:36,00:04:36
차영,평생 얼굴 안 보면 만사 오케이고,00:04:38,00:04:38,00:04:38
차영,근데 이건 그 차원이 아니야,00:04:41,00:04:41,00:04:41
차영,넌 죄 없는 사람들을 잔인하게 죽였고,00:04:43,00:04:43,00:04:43
차영,해맑은 얼굴로 생쇼를 했어,00:04:45,00:04:45,00:04:45
차영,그것도 고인들에 대한 일말의 죄책감도 없이,00:04:47,00:04:47,00:04:47
차영,이 말은 곧 넌 사람 새끼가 아니고,00:04:51,00:04:51,00:04:51
차영,살 가치가 없단 얘기야,00:04:53,00:04:53,00:04:53
차영,알았어?,00:04:56,00:04:56,00:04:56
준우,"선배, 나 진짜 아무것도 몰라요",00:05:00,00:05:00,00:05:00
준우,그런 말 하지 마요,00:05:03,00:05:03,00:05:03
차영,"일관성 한번 대쪽 같네 이 새끼가 진짜, 씨",00:05:06,00:05:06,00:05:06
설명,[차영의 성난 신음],00:05:09,00:05:09,00:05:09
차영,너는 가서 빈센조나 챙겨,00:05:10,00:05:10,00:05:10
차영,"불법 무기 소지, 살인 미수",00:05:12,00:05:12,00:05:12
차영,이제 끝이야!,00:05:14,00:05:14,00:05:14
차영,끝이든 시작이든 내가 알아서 할 테니까,00:05:16,00:05:16,00:05:16
차영,도련님이나 잘 모셔요,00:05:21,00:05:21,00:05:21
설명,[차영의 비웃음],00:05:24,00:05:24,00:05:24
준우,선배!,00:05:27,00:05:27,00:05:27
설명,[명희의 한숨],00:05:31,00:05:31,00:05:31
정 검사,변호사님 총,00:05:44,00:05:44,00:05:44
정 검사,모조품이더군요,00:05:45,00:05:45,00:05:45
정 검사,실탄 역시 모조품이고요,00:05:48,00:05:48,00:05:48
차영,빈센조 까사노 씨께서는 모조 총 수집이 취미십니다,00:05:51,00:05:51,00:05:51
설명,[웃음],00:05:54,00:05:54,00:05:54
차영,더불어 이탈리아 마피아시고요,00:05:55,00:05:55,00:05:55
차영,까사노 패밀리의 콘실리에리,00:05:58,00:05:58,00:05:58
차영,그건 제 의뢰인의 개인 사정입니다,00:06:00,00:06:00,00:06:00
정 검사,그런 분이 이런 가짜 총을 사용하시다니,00:06:03,00:06:03,00:06:03
정 검사,의외네요?,00:06:07,00:06:07,00:06:07
차영,그럼 불법 총기 소지가 아니라 총포법 제11조,00:06:08,00:06:08,00:06:08
차영,모의 총포 소지 금지에 해당하겠네요,00:06:11,00:06:11,00:06:11
차영,살인 미수가 아니라 특수 협박이고요,00:06:13,00:06:13,00:06:13
차영,애초부터 장한석 죽일 생각 없었죠?,00:06:24,00:06:24,00:06:24
차영,그 여부 또한 대리인인 제가 답하겠습니다,00:06:26,00:06:26,00:06:26
정 검사,"아니요, 빈센조 씨가 답하세요",00:06:29,00:06:29,00:06:29
정 검사,답하면 구속은 면하게 해 줄 겁니까?,00:06:31,00:06:31,00:06:31
설명,[헛웃음],00:06:36,00:06:36,00:06:36
정 검사,날 내보내야 얻을 게 더 많을 겁니다,00:06:38,00:06:38,00:06:38
설명,[의미심장한 음악],00:06:41,00:06:41,00:06:41
설명,[정 검사의 한숨],00:06:43,00:06:43,00:06:43
정 검사,그 정도로 날 설득할 순 없어요,00:06:45,00:06:45,00:06:45
차영,장한석 죽일 거죠?,00:06:49,00:06:49,00:06:49
차영,아니요,00:06:54,00:06:54,00:06:54
차영,계획이 바뀌었어요,00:06:55,00:06:55,00:06:55
차영,이탈리아에서 복수를 할 때 원칙을 다시 생각해 봤어요,00:06:59,00:06:59,00:06:59
빈센조,첫 번째,00:07:03,00:07:03,00:07:03
빈센조,적이 가장 두려워하는 것을 준다,00:07:05,00:07:05,00:07:05
빈센조,두 번째,00:07:08,00:07:08,00:07:08
빈센조,적이 가장 소중히 하는 걸 없애 버린다,00:07:09,00:07:09,00:07:09
빈센조,현재 장한석은,00:07:11,00:07:11,00:07:11
빈센조,자신의 존재가 밝혀지는 게 제일 두렵겠죠?,00:07:13,00:07:13,00:07:13
차영,그리고 가장 소중한 바벨이 무너지는 것도 두렵고요,00:07:16,00:07:16,00:07:16
차영,두 가지를 한꺼번에 주는 걸 목표로 하자고요,00:07:23,00:07:23,00:07:23
차영,계획 바꾸면,00:07:29,00:07:29,00:07:29
차영,한국 떠나는 거 늦어져서 어떡해요?,00:07:31,00:07:31,00:07:31
차영,변호사님을 위해서도 바꾼 거예요,00:07:34,00:07:34,00:07:34
빈센조,장한석을 죽이고 떠나도 바벨은 계속 건재할 거고,00:07:37,00:07:37,00:07:37
빈센조,변호사님은 계속 바벨과 싸우겠죠,00:07:41,00:07:41,00:07:41
빈센조,기약 없는 전쟁터에 변호사님을 두고 가기 싫었어요,00:07:44,00:07:44,00:07:44
빈센조,먼저 장한석이 자신의 존재를,00:07:52,00:07:52,00:07:52
빈센조,스스로 드러내게 압박을 해야 돼요,00:07:54,00:07:54,00:07:54
빈센조,일단,00:07:57,00:07:57,00:07:57
빈센조,정 검사를 이용해서요,00:08:00,00:08:00,00:08:00
설명,[흥미진진한 음악] [자전거 벨이 딸랑 울린다],00:08:02,00:08:02,00:08:02
설명,[휴대전화 진동음],00:08:07,00:08:07,00:08:07
빈센조,어,00:08:11,00:08:11,00:08:11
혁필,어제부터 따라붙은 꼬리,00:08:12,00:08:12,00:08:12
혁필,정인국 검사 쪽 사람들입니다,00:08:14,00:08:14,00:08:14
빈센조,원래 길게 말하는 거 딱 질색인데,00:08:24,00:08:24,00:08:24
빈센조,오실 때까지 시간을 좀 끌었어요,00:08:26,00:08:26,00:08:26
빈센조,원한다면,00:08:29,00:08:29,00:08:29
설명,[총성],00:08:34,00:08:34,00:08:34
설명,[헛웃음],00:08:35,00:08:35,00:08:35
차영,1차 압박은 저희가 했으니까,00:08:38,00:08:38,00:08:38
차영,[의미심장한 음악] 2차 압박은 검사님께 부탁드려요,00:08:40,00:08:40,00:08:40
차영,내가 왜 압박을 해야 하죠?,00:08:45,00:08:45,00:08:45
차영,바벨의 진짜 회장을 소환하는 게 검사님의 목표 아닌가요?,00:08:46,00:08:46,00:08:46
차영,바벨그룹의 6개 혐의에 대한 고발 준비가 다 됐다고 들었어요,00:08:51,00:08:51,00:08:51
차영,듣기론 하나씩 차례로 할 예정이고,00:08:55,00:08:55,00:08:55
차영,엄청난 규모라던데요?,00:08:59,00:08:59,00:08:59
차영,기자들이 디테일하게도 뿌려 댔네요?,00:09:02,00:09:02,00:09:02
차영,이번에는 기꺼이 함께해 드릴게요,00:09:05,00:09:05,00:09:05
차영,검사님 편은,00:09:07,00:09:07,00:09:07
설명,[리드미컬한 음악],00:09:09,00:09:09,00:09:09
차영,저희밖에 없어요,00:09:12,00:09:12,00:09:12
설명,[빈센조가 이탈리아어로 말한다],00:09:14,00:09:14,00:09:14
차영,진정한 친구를 얻는 건,00:09:20,00:09:20,00:09:20
차영,보물을 얻는 것과 같죠,00:09:23,00:09:23,00:09:23
설명,[한숨],00:09:28,00:09:28,00:09:28
준우,에이씨,00:10:00,00:10:00,00:10:00
준우,바닥 더러워졌잖아!,00:10:04,00:10:04,00:10:04
준우,"왜 다들 신발을 신고 들어와 가지고, 씨",00:10:09,00:10:09,00:10:09
설명,[승혁의 멋쩍은 신음],00:10:12,00:10:12,00:10:12
준우,빈센조는 왜 구속이 안 된 거예요?,00:10:14,00:10:14,00:10:14
준우,"아, 그…",00:10:17,00:10:17,00:10:17
승혁,"아, 그 정 검사가, 그",00:10:17,00:10:17,00:10:17
승혁,"가짜 총에, 단순 협박이라고 판단을 해 가지고요",00:10:20,00:10:20,00:10:20
승혁,"잠깐, 저기…",00:10:23,00:10:23,00:10:23
설명,[승혁의 헛기침],00:10:27,00:10:27,00:10:27
설명,[의미심장한 음악],00:10:29,00:10:29,00:10:29
준우,가짜 총?,00:10:30,00:10:30,00:10:30
준우,정 검사가 장난을 좀 친 것 같습니다,00:10:31,00:10:31,00:10:31
설명,[준우와 한서의 한숨],00:10:34,00:10:34,00:10:34
준우,"그, 뭐, 원칙 지키는 검사라더니",00:10:36,00:10:36,00:10:36
준우,"마피아랑 한패를 먹고 있네, 참",00:10:38,00:10:38,00:10:38
준우,"일단 한 2, 3주 정도 떠나 계시는 게 어떻겠습니까?",00:10:40,00:10:40,00:10:40
준우,노,00:10:43,00:10:43,00:10:43
준우,"노, 하",00:10:45,00:10:45,00:10:45
준우,괜찮아요,00:10:47,00:10:47,00:10:47
준우,또 죽여 보라 그래,00:10:50,00:10:50,00:10:50
준우,빈센조가 아니라 정 검사 때문입니다,00:10:51,00:10:51,00:10:51
준우,회장님을 소환하려고 할 겁니다,00:10:54,00:10:54,00:10:54
준우,소환?,00:10:56,00:10:56,00:10:56
승혁,"예, 그, 정 검사가",00:10:57,00:10:57,00:10:57
승혁,바벨을 옭아맬 6가지 혐의로 기소 준비를 다 끝냈답니다,00:10:59,00:10:59,00:10:59
승혁,그러니까 진짜 나를 검찰청에 오게 만들겠다는 거예요?,00:11:03,00:11:03,00:11:03
한서,형님,00:11:07,00:11:07,00:11:07
한서,[준우의 한숨] 소환은 제가 응할 테니까,00:11:09,00:11:09,00:11:09
한서,일단 아버지 별장에 좀 계시다 오시죠,00:11:10,00:11:10,00:11:10
설명,[비둘기 울음],00:11:15,00:11:15,00:11:15
설명,[한숨],00:11:21,00:11:21,00:11:21
한서,"부온 조르노, 길버트",00:11:23,00:11:23,00:11:23
빈센조,"아니, 인자기",00:11:25,00:11:25,00:11:25
빈센조,[살짝 웃으며] 길버트가 누구더라?,00:11:29,00:11:29,00:11:29
설명,[의미심장한 음악],00:11:39,00:11:39,00:11:39
빈센조,길버트,00:11:41,00:11:41,00:11:41
빈센조,이름이 좋네요 [길벗이 젓가락을 달그락거린다],00:11:46,00:11:46,00:11:46
빈센조,길버트,00:11:49,00:11:49,00:11:49
길벗,길버트가 아니라,00:11:51,00:11:51,00:11:51
길벗,"길 위의 벗, 길벗",00:11:53,00:11:53,00:11:53
설명,[흥미로운 음악],00:11:55,00:11:55,00:11:55
길벗,길 위의 친구,00:11:57,00:11:57,00:11:57
길벗,"아, 로드 프렌드",00:12:00,00:12:00,00:12:00
길벗,로드 프렌드?,00:12:02,00:12:02,00:12:02
빈센조,"뭐, 아무튼 [빈센조의 한숨]",00:12:06,00:12:06,00:12:06
설명,[헛기침],00:12:09,00:12:09,00:12:09
빈센조,금 얘기를,00:12:11,00:12:11,00:12:11
빈센조,"그, 술집에서 들었단 얘기죠?",00:12:14,00:12:14,00:12:14
빈센조,이거 프라자 사람들 말고 얘기한 데 있어요?,00:12:34,00:12:34,00:12:34
설명,[길벗의 부정하는 신음],00:12:36,00:12:36,00:12:36
빈센조,프라자 사람들한테만,00:12:38,00:12:38,00:12:38
길벗,"맥주랑 피자 줘 가지고 내가 아유, 나도",00:12:39,00:12:39,00:12:39
빈센조,응,00:12:43,00:12:43,00:12:43
설명,[흥미로운 음악],00:12:44,00:12:44,00:12:44
빈센조,부탁이 있는데,00:12:46,00:12:46,00:12:46
빈센조,영원히 이 동네를 떠나 줄래요?,00:12:48,00:12:48,00:12:48
길벗,내가 왜 떠나!,00:12:51,00:12:51,00:12:51
설명,[살짝 웃는다],00:12:56,00:12:56,00:12:56
빈센조,떠나면서 금과 관련된 모든 얘기도 잊어버려요,00:13:01,00:13:01,00:13:01
빈센조,"싫어요, 난 죽어도",00:13:08,00:13:08,00:13:08
빈센조,이 금가동에서 끝까지 구걸하다 죽을 거라고,00:13:09,00:13:09,00:13:09
빈센조,금가동보다 더 좋은 동네는,00:13:18,00:13:18,00:13:18
빈센조,많아요,00:13:22,00:13:22,00:13:22
빈센조,"이 사람이 진짜, 어?",00:13:23,00:13:23,00:13:23
길벗,난 금가동이 제일 좋아,00:13:25,00:13:25,00:13:25
길벗,아이 러브 금가동!,00:13:27,00:13:27,00:13:27
설명,[구시렁거린다],00:13:30,00:13:30,00:13:30
설명,[익살스러운 효과음],00:13:31,00:13:31,00:13:31
빈센조,그 정도면 떠나면서 금을 잊기엔 충분할 것 같은데,00:13:33,00:13:33,00:13:33
빈센조,금이 뭐예요?,00:13:37,00:13:37,00:13:37
길벗,[흥미로운 음악] 금?,00:13:38,00:13:38,00:13:38
길벗,지금 무슨 소리 하는 거예요 금이라니?,00:13:39,00:13:39,00:13:39
길벗,"어휴, 어휴, 취하네, 이거",00:13:45,00:13:45,00:13:45
설명,[드르렁거린다],00:13:48,00:13:48,00:13:48
설명,[드르렁거린다] [의미심장한 효과음],00:13:55,00:13:55,00:13:55
길벗,누구세요?,00:13:58,00:13:58,00:13:58
설명,[흥미로운 음악],00:13:59,00:13:59,00:13:59
길벗,"이거 뭐야, 이거",00:14:02,00:14:02,00:14:02
길벗,"아, 이건 그쪽 핸드폰인데",00:14:05,00:14:05,00:14:05
길벗,왜 내 주머니에 이거를 이렇게…,00:14:06,00:14:06,00:14:06
설명,[익살스러운 효과음],00:14:09,00:14:09,00:14:09
설명,[익살스러운 효과음],00:14:11,00:14:11,00:14:11
길벗,실례가 많았습니다,00:14:16,00:14:16,00:14:16
길벗,"아이고, 아닙니다, 예",00:14:17,00:14:17,00:14:17
길벗,식기 전에 드세요,00:14:19,00:14:19,00:14:19
길벗,예,00:14:19,00:14:19,00:14:19
빈센조,직접 알아봤습니다,00:14:26,00:14:26,00:14:26
빈센조,금가프라자에 금이 있다는 소문에 대해서,00:14:28,00:14:28,00:14:28
토토,"[흥미로운 음악] 그, 그 소문이 맞죠, 변호사님?",00:14:31,00:14:31,00:14:31
토토,"그, 그렇죠?",00:14:35,00:14:35,00:14:35
설명,[빈센조가 숨을 들이켠다],00:14:42,00:14:42,00:14:42
토토,아니요,00:14:47,00:14:47,00:14:47
토토,뜬소문조차도 아니던데요?,00:14:49,00:14:49,00:14:49
설명,[빈센조의 웃음],00:14:51,00:14:51,00:14:51
연진,"아니야, 길버트가 우리한테 사진을 보여 줬어요",00:14:52,00:14:52,00:14:52
연진,인부들이 금 앞에서 딱 찍은 사진이요,00:14:55,00:14:55,00:14:55
연진,"아, 그 사진?",00:14:57,00:14:57,00:14:57
연진,그 인터넷에 떠도는 아무 사진이나 보여 줬겠죠,00:14:59,00:14:59,00:14:59
래리 강,"[빈센조의 웃음] 에이, 무슨",00:15:01,00:15:01,00:15:01
래리 강,거지가 무슨 인터넷이에요?,00:15:02,00:15:02,00:15:02
래리 강,핸드폰 요금도 못 낼 텐데,00:15:04,00:15:04,00:15:04
빈센조,아이,00:15:05,00:15:05,00:15:05
철욱,길거리 서 있기만 해도 와이파이 빵빵 터지잖아,00:15:06,00:15:06,00:15:06
철욱,[빈센조가 손가락을 딱 튀긴다] 인터넷 강국 코리아!,00:15:08,00:15:08,00:15:08
철욱,야생에서 살아남으신 분들,00:15:10,00:15:10,00:15:10
기석,생활력이 매우 강합니다 [철욱이 호응한다],00:15:11,00:15:11,00:15:11
석도,위로 올라가면 추우니까 돕바 입고 오세요,00:15:14,00:15:14,00:15:14
석도,핫 팩 준비하시고 [손님1이 대답한다],00:15:17,00:15:17,00:15:17
석도,오케이?,00:15:18,00:15:18,00:15:18
석도,"예, 좀 잘 부탁드리겠습니다",00:15:18,00:15:18,00:15:18
석도,"네, 네, 걱정하지 마시고요",00:15:19,00:15:19,00:15:19
손님2,잘 좀 부탁드리겠습니다,00:15:20,00:15:20,00:15:20
손님2,"아이, 그럼요",00:15:20,00:15:20,00:15:20
설명,[수남의 놀란 신음],00:15:22,00:15:22,00:15:22
수남,"아, 예, 들어가세요, 예",00:15:23,00:15:23,00:15:23
석도,"아, 진짜",00:15:24,00:15:24,00:15:24
수남,"사장님, 사장님",00:15:24,00:15:24,00:15:24
수남,"[문이 탁 닫힌다] 사장님, 사장님, 사장님",00:15:25,00:15:25,00:15:25
수남,이 건물 안에 금이 숨겨져 있답니다!,00:15:28,00:15:28,00:15:28
수남,"하, 참",00:15:31,00:15:31,00:15:31
수남,"리액션하기도 귀찮다, 정말, 아유",00:15:32,00:15:32,00:15:32
설명,[의미심장한 음악],00:15:33,00:15:33,00:15:33
수남,아…,00:15:35,00:15:35,00:15:35
수남,"아이, 진짜라니까요",00:15:39,00:15:39,00:15:39
수남,여기 프라자 사람들 다 알고 있어요,00:15:41,00:15:41,00:15:41
수남,"아, 이게 전에 없이 사뭇 진지한 표정을 짓고 난리야?",00:15:43,00:15:43,00:15:43
빈센조,"참 나, 진짜",00:15:46,00:15:46,00:15:46
빈센조,아휴,00:15:49,00:15:49,00:15:49
설명,[음산한 효과음],00:15:55,00:15:55,00:15:55
설명,[놀란 신음],00:15:55,00:15:55,00:15:55
빈센조,"어휴, 놀라라",00:15:57,00:15:57,00:15:57
빈센조,"아이, 무슨 할 말 있어요?",00:15:58,00:15:58,00:15:58
빈센조,[음산한 음악] 제가요,00:16:00,00:16:00,00:16:00
빈센조,저희 원생 할아버지한테 들었는데요,00:16:02,00:16:02,00:16:02
미리,이 건물엔 금이 아니라,00:16:05,00:16:05,00:16:05
미리,귀신이 있대요,00:16:08,00:16:08,00:16:08
미리,저 지하에요,00:16:10,00:16:10,00:16:10
미리,10년 전 지하에 어떤 사무실이 있었는데,00:16:13,00:16:13,00:16:13
미리,사장이 직원을 죽이고 땅에 묻은 후에 시멘트를 발랐대요,00:16:15,00:16:15,00:16:15
미리,그 후로 보름달이 뜰 때마다,00:16:17,00:16:17,00:16:17
미리,"시멘, 시멘, 시멘 [미리의 목소리가 울린다]",00:16:18,00:16:18,00:16:18
미리,시멘 [빈센조의 당황한 신음],00:16:21,00:16:21,00:16:21
미리,"시멘, 시멘",00:16:23,00:16:23,00:16:23
미리,[목탁 소리 효과음] 다행히 난약사 부처님의 힘이 귀신을 봉해 버려서,00:16:26,00:16:26,00:16:26
미리,그 후로 귀신이 못 나오는 거고요,00:16:29,00:16:29,00:16:29
미리,그래서 땅을 절대로 파면 안 된대요,00:16:31,00:16:31,00:16:31
미리,파면 귀신에 바로 씐대요 [음산한 음악],00:16:34,00:16:34,00:16:34
미리,예,00:16:38,00:16:38,00:16:38
미리,근데 왜 그 얘길 저한테,00:16:41,00:16:41,00:16:41
미리,그러게요,00:16:43,00:16:43,00:16:43
미리,"[익살스러운 음악] 시멘, 시멘, 시멘",00:16:46,00:16:46,00:16:46
미리,"시멘, 시멘, 시멘, 시멘, 시멘",00:16:49,00:16:49,00:16:49
미리,시멘…,00:16:54,00:16:54,00:16:54
미리,뭐야,00:16:57,00:16:57,00:16:57
설명,[준우의 한숨],00:16:59,00:16:59,00:16:59
준우,나 없는 동안 잘하고 있어,00:17:00,00:17:00,00:17:00
준우,중요한 건 바로 연락하고,00:17:02,00:17:02,00:17:02
한서,"예, 걱정하지 마십시오, 형님",00:17:03,00:17:03,00:17:03
준우,예전엔 바보 같아서 걱정이 됐는데,00:17:07,00:17:07,00:17:07
준우,요샌 너무 믿음직스러워서 걱정이야,00:17:10,00:17:10,00:17:10
준우,저 진짜 노력 많이 하고 있습니다,00:17:13,00:17:13,00:17:13
준우,공부도 많이 하고요,00:17:16,00:17:16,00:17:16
준우,그럼 나 없는 동안 바벨타워 경매나 해,00:17:17,00:17:17,00:17:17
설명,[의미심장한 음악],00:17:20,00:17:20,00:17:20
준우,"""바벨""",00:17:21,00:17:21,00:17:21
준우,바벨타워 기공식 직후에 한다고 하지 않으셨습니까?,00:17:22,00:17:22,00:17:22
준우,"아니, 서둘러야겠어",00:17:26,00:17:26,00:17:26
준우,우리가 이렇게 공격당할 줄 예상 못 했거든,00:17:27,00:17:27,00:17:27
준우,"아, 예, 제가",00:17:31,00:17:31,00:17:31
준우,제가 경매 잘 성사시키겠습니다,00:17:32,00:17:32,00:17:32
준우,높으신 분들 잘 갖고 놀아 봐,00:17:35,00:17:35,00:17:35
준우,간다,00:17:40,00:17:40,00:17:40
한서,다녀오십시오,00:17:42,00:17:42,00:17:42
설명,[한서의 탄성],00:17:56,00:17:56,00:17:56
희수,변호사님도 잘 모르는 것 같던데,00:18:00,00:18:00,00:18:00
희수,너무 닦달했네,00:18:03,00:18:03,00:18:03
희수,"맞아요, 변호사님이 뭔 수로 알겠어요",00:18:05,00:18:05,00:18:05
희수,자기 것도 아닌데,00:18:07,00:18:07,00:18:07
홍식,이게 말이여,00:18:08,00:18:08,00:18:08
홍식,사실 임자가 없는 금이 아니지,00:18:10,00:18:10,00:18:10
설명,[흥미로운 음악],00:18:11,00:18:11,00:18:11
홍식,법적으로다가 금이 발견되면 이 건물주 거 아니여?,00:18:12,00:18:12,00:18:12
홍식,"거, 건물 주인이면 그, 바벨그룹 이놈의 새끼들 아닌가?",00:18:15,00:18:15,00:18:15
홍식,그렇다면 절대로 내줄 수 없죠 누구 좋은 일 시키라고!,00:18:19,00:18:19,00:18:19
연진,정의 구현 차원에서라도 바벨 놈들 절대 못 가지게 해야 돼요,00:18:21,00:18:21,00:18:21
연진,오늘부터 변호사님 귀찮게 하지 말고,00:18:25,00:18:25,00:18:25
토토,우리 힘으로다가 그냥 조용하게 찾읍시다,00:18:28,00:18:28,00:18:28
토토,응? [연진이 호응한다],00:18:30,00:18:30,00:18:30
토토,전 그럼 변호사님을 돕기 위해 이만 일어나 보겠습니다,00:18:31,00:18:31,00:18:31
설명,[긴장되는 음악],00:18:35,00:18:35,00:18:35
토토,일단 가,00:18:37,00:18:37,00:18:37
연진,가,00:18:39,00:18:39,00:18:39
설명,[긴장되는 효과음] [함께 놀란다],00:18:41,00:18:41,00:18:41
석도,"아나, 진짜",00:18:43,00:18:43,00:18:43
석도,"[놀란 숨소리] 와, 가까이서 보니까 진짜 얼굴",00:18:44,00:18:44,00:18:44
석도,"완전 납량 특집극이네, 진짜",00:18:47,00:18:47,00:18:47
석도,그런 그쪽은 전쟁 드라마야? 얼굴이 쑥대밭이네,00:18:49,00:18:49,00:18:49
설명,[흥미로운 음악] [철욱의 놀란 탄성],00:18:52,00:18:52,00:18:52
석도,"야, 신기하다, 어떻게 이렇게 생겼지?",00:18:54,00:18:54,00:18:54
철욱,"뭘 봐, 이씨",00:18:55,00:18:55,00:18:55
수남,"뭐, 이씨",00:18:55,00:18:55,00:18:55
석도,"아, 다리 힘 풀려, 아",00:18:57,00:18:57,00:18:57
석도,"아이, 저 오만방자한 무도인 녀석",00:18:59,00:18:59,00:18:59
연진,"아, 전쟁 드라마 아저씨 여기 웬일이셔?",00:19:02,00:19:02,00:19:02
연진,"아니, 저기, 금 있다며? 이 건물에",00:19:04,00:19:04,00:19:04
수남,내가 밖에서 다 들었어!,00:19:09,00:19:09,00:19:09
석도,"밖에서 엿들었다 그러면 어떡해 모양 빠지게, 아이, 진짜",00:19:11,00:19:11,00:19:11
석도,"그래, 뭐, 조금 엿들었다, 뭐 어떡할래?",00:19:16,00:19:16,00:19:16
석도,"아유, 참 나",00:19:18,00:19:18,00:19:18
석도,진작 말들을 하시지,00:19:19,00:19:19,00:19:19
토토,"아, 그, 그게 무, 무슨 얘기입니까?",00:19:23,00:19:23,00:19:23
토토,"아, 그, 금 같은 거? 없어요",00:19:27,00:19:27,00:19:27
토토,"어색한 연기? 어, 싫어요",00:19:31,00:19:31,00:19:31
석도,"아유, 진짜 어색하다",00:19:33,00:19:33,00:19:33
석도,"아휴, 하여튼",00:19:36,00:19:36,00:19:36
석도,"뭐 어려운 거 있으면은 얘기들 하세요, 예?",00:19:38,00:19:38,00:19:38
석도,"내가 전문가야, 내가",00:19:41,00:19:41,00:19:41
차영,장한석이 소환돼 출두한다는 전제하에,00:19:44,00:19:44,00:19:44
차영,이 기소 내용들을 서포트해 줘야 돼요,00:19:47,00:19:47,00:19:47
차영,하나같이 아주 주옥같은 케이스예요,00:19:49,00:19:49,00:19:49
빈센조,"저 정도면 바벨 전체의 주식, 회계",00:19:53,00:19:53,00:19:53
빈센조,유착 관계들 다 파악해야 됩니다,00:19:56,00:19:56,00:19:56
설명,[한숨],00:19:58,00:19:58,00:19:58
빈센조,어느 걸 제일 먼저 할 것 같아요?,00:20:00,00:20:00,00:20:00
설명,[강조되는 효과음] [흥미진진한 음악],00:20:02,00:20:02,00:20:02
차영,'바벨화학 노조 와해 공작 혐의',00:20:03,00:20:03,00:20:03
차영,이게 제일 유력해요,00:20:06,00:20:06,00:20:06
차영,우상과 바벨도 똑같이 예측하겠죠?,00:20:07,00:20:07,00:20:07
차영,네,00:20:09,00:20:09,00:20:09
차영,어떤 식으로 나오나 알아보려고 빨대 하나 꽂아 놨어요,00:20:10,00:20:10,00:20:10
주성,"아, 변호사님 빨대야",00:20:14,00:20:14,00:20:14
주성,거의 상수도관급이죠,00:20:15,00:20:15,00:20:15
차영,이따 빨대 점검 한번 하러 가실까요?,00:20:18,00:20:18,00:20:18
차영,"예, 그러죠",00:20:20,00:20:20,00:20:20
철욱,저도 빨대가 돼 드리겠습니다!,00:20:21,00:20:21,00:20:21
철욱,정식 멤버로 들이기 뭐하시면,00:20:25,00:20:25,00:20:25
철욱,"그, 인턴이라도 시켜 주십시오!",00:20:28,00:20:28,00:20:28
철욱,"무슨 얘기예요, 철욱 사장님?",00:20:31,00:20:31,00:20:31
철욱,예?,00:20:33,00:20:33,00:20:33
철욱,우리가 하는 일 뭐든 돕고 싶다고 해서요,00:20:34,00:20:34,00:20:34
철욱,예,00:20:37,00:20:37,00:20:37
철욱,저 정말 잘할 자신 있습니다,00:20:39,00:20:39,00:20:39
철욱,뭐든 시켜만 주십시오!,00:20:41,00:20:41,00:20:41
설명,[헛웃음],00:20:43,00:20:43,00:20:43
주성,우리 일은 아무나 못 해요,00:20:45,00:20:45,00:20:45
주성,나처럼 뛰어난 두뇌와 순발력이 없으면…,00:20:47,00:20:47,00:20:47
빈센조,좋아요,00:20:50,00:20:50,00:20:50
주성,응,00:20:50,00:20:50,00:20:50
주성,같이 한번 해 보죠,00:20:51,00:20:51,00:20:51
주성,감사합니다!,00:20:52,00:20:52,00:20:52
주성,정말 감사합니다!,00:20:54,00:20:54,00:20:54
주성,제 진가 제대로 보여 드리겠습니다!,00:20:56,00:20:56,00:20:56
주성,좋습니다,00:21:01,00:21:01,00:21:01
설명,[휴대전화 진동음],00:21:03,00:21:03,00:21:03
빈센조,어,00:21:07,00:21:07,00:21:07
설명,[의미심장한 음악],00:21:08,00:21:08,00:21:08
빈센조,"알겠어, 어",00:21:12,00:21:12,00:21:12
빈센조,장한석,00:21:17,00:21:17,00:21:17
빈센조,둥지를 떠났대요,00:21:19,00:21:19,00:21:19
설명,[준우의 한숨],00:21:40,00:21:40,00:21:40
빈센조,가자,00:21:41,00:21:41,00:21:41
설명,[차 문이 탁 닫힌다],00:21:44,00:21:44,00:21:44
철욱,수고가 많으십니다,00:21:53,00:21:53,00:21:53
설명,[함께 놀란다],00:21:54,00:21:54,00:21:54
혁필,누구야?,00:21:57,00:21:57,00:21:57
철욱,지푸라기에서 파견 나온 이철욱 요원입니다,00:21:58,00:21:58,00:21:58
철욱,"얘기했다 그랬는데, 저",00:22:02,00:22:02,00:22:02
철욱,"빈센조 변, 변호사님",00:22:04,00:22:04,00:22:04
설명,[철욱의 멋쩍은 신음],00:22:10,00:22:10,00:22:10
철욱,잘 부탁드립니다,00:22:12,00:22:12,00:22:12
철욱,"그러고 보니 저희 구면이네, 응?",00:22:14,00:22:14,00:22:14
철욱,"그, 굴다리에서 세 명",00:22:16,00:22:16,00:22:16
철욱,퍽!,00:22:19,00:22:19,00:22:19
설명,[철욱의 웃음],00:22:21,00:22:21,00:22:21
철욱,일단 적의 동태를 살펴볼까요?,00:22:24,00:22:24,00:22:24
철욱,"저, 망원경 한 번만",00:22:27,00:22:27,00:22:27
철욱,"예, 고맙습니다",00:22:30,00:22:30,00:22:30
설명,[놀란 탄성],00:22:34,00:22:34,00:22:34
명희,"[의미심장한 음악] 자, 이 6가지 중에서",00:22:36,00:22:36,00:22:36
명희,정 검사가 1번으로 치고 나올 거,00:22:38,00:22:38,00:22:38
명희,예상이 되지?,00:22:43,00:22:43,00:22:43
박 변,"네, 바벨화학 노조 와해를 위한 불법 행위 혐의입니다",00:22:44,00:22:44,00:22:44
승혁,화학 노조는 무슨 불사신이야? 어?,00:22:50,00:22:50,00:22:50
승혁,어떻게 밟아도 밟아도 죽지를 않아,00:22:54,00:22:54,00:22:54
윤 변,계열사 중에 가장 강성 노조고,00:22:56,00:22:56,00:22:56
윤 변,위원장 역시 전투력이 엄청납니다,00:22:58,00:22:58,00:22:58
윤 변,제대로 안 밟으니까,00:23:00,00:23:00,00:23:00
윤 변,까불고 지랄 옘병을 하지!,00:23:03,00:23:03,00:23:03
윤 변,어떻게 하실 생각인데요?,00:23:06,00:23:06,00:23:06
윤 변,클래시컬하게 해결해야 되지 않겠나?,00:23:09,00:23:09,00:23:09
윤 변,클래시컬?,00:23:11,00:23:11,00:23:11
윤 변,박 변,00:23:14,00:23:14,00:23:14
박 변,네,00:23:14,00:23:14,00:23:14
명희,바벨화학 노조 위원장한테 긴급 회동 요청해라,00:23:16,00:23:16,00:23:16
승혁,혹시 다성모직 노조 해체 때처럼 하실 거예요?,00:23:23,00:23:23,00:23:23
명희,"뭐, 조금 비슷",00:23:28,00:23:28,00:23:28
명희,우리 대표님은 목숨값이나 준비해 주시고,00:23:30,00:23:30,00:23:30
승혁,잠깐만,00:23:32,00:23:32,00:23:32
승혁,이제 시대가 달라졌어요,00:23:35,00:23:35,00:23:35
승혁,"뒤탈 생기면 어떡하려 그래, 정말",00:23:38,00:23:38,00:23:38
승혁,그냥 장한서 회장한테 한번 협상 맡겨 봅시다,00:23:42,00:23:42,00:23:42
승혁,서당 개 3년 하니까 요샌 일 좀 하더라고,00:23:46,00:23:46,00:23:46
승혁,승혁아,00:23:51,00:23:51,00:23:51
승혁,"예, 누님",00:23:52,00:23:52,00:23:52
승혁,[한숨 쉬며] 내가 누나로서,00:23:56,00:23:56,00:23:56
승혁,진심으로 충고 하나 할게,00:23:59,00:23:59,00:23:59
승혁,[웃으며] 예,00:24:03,00:24:03,00:24:03
승혁,줄 좀 신중하게 제대로 잘 잡아라,00:24:06,00:24:06,00:24:06
설명,[당황한 웃음],00:24:13,00:24:13,00:24:13
명희,줄 잘못 잡으면,00:24:15,00:24:15,00:24:15
명희,그게 네 목 매는 동아줄 된다,00:24:20,00:24:20,00:24:20
명희,"명심해라, 꼭",00:24:24,00:24:24,00:24:24
설명,[승혁의 떨리는 숨소리],00:24:28,00:24:28,00:24:28
승혁,"아이, 무섭게 왜 그래",00:24:31,00:24:31,00:24:31
승혁,누나?,00:24:35,00:24:35,00:24:35
설명,[의아한 숨소리],00:24:40,00:24:40,00:24:40
설명,[흥미로운 음악],00:24:42,00:24:42,00:24:42
설명,[서 변의 개운한 신음],00:24:45,00:24:45,00:24:45
서 변,딱 눈치를 보니까,00:24:47,00:24:47,00:24:47
서 변,한 대표랑 최 변이랑 약간 싸해요,00:24:49,00:24:49,00:24:49
서 변,각자 다른 라인을 타고 가고 있는 거랄까?,00:24:54,00:24:54,00:24:54
서 변,"씁, 일단 한 대표는 장한서 회장 쪽 같고요",00:24:57,00:24:57,00:24:57
설명,[비웃음],00:25:00,00:25:00,00:25:00
서 변,내가 오래 못 갈 줄 알았다,00:25:01,00:25:01,00:25:01
서 변,바벨화학 노조 쪽은 작업 들어갔어?,00:25:04,00:25:04,00:25:04
서 변,"잠깐만요, 선배",00:25:07,00:25:07,00:25:07
차영,응,00:25:07,00:25:07,00:25:07
차영,보스턴에서 오신 그분 로펌은 언제 보내 줄 거예요?,00:25:09,00:25:09,00:25:09
차영,아,00:25:12,00:25:12,00:25:12
차영,"음, 어, 그게",00:25:14,00:25:14,00:25:14
차영,보스턴 쪽은 정리가 아직 안 돼서,00:25:19,00:25:19,00:25:19
설명,[헛웃음],00:25:22,00:25:22,00:25:22
차영,그럼 저도 정보 못 드려요,00:25:23,00:25:23,00:25:23
차영,그 로펌에 가게 되면 말할게요,00:25:25,00:25:25,00:25:25
차영,"야, 서 변!",00:25:27,00:25:27,00:25:27
설명,[한숨] [빈센조가 잔을 탁 내려놓는다],00:25:29,00:25:29,00:25:29
차영,롬비르게니 한국 지사 법무 팀 어때요? [흥미로운 음악],00:25:32,00:25:32,00:25:32
차영,예?,00:25:35,00:25:35,00:25:35
차영,롬비르게니요?,00:25:37,00:25:37,00:25:37
차영,내 친구가 지사장이라 얘기해 줄 수 있어요,00:25:38,00:25:38,00:25:38
빈센조,최고의 슈퍼 카 회사라,00:25:43,00:25:43,00:25:43
빈센조,페이도 괜찮고,00:25:45,00:25:45,00:25:45
빈센조,"일도 뭐, 그렇게 어렵지 않고요 [서 변의 놀란 숨소리]",00:25:46,00:25:46,00:25:46
빈센조,원하면 이탈리아 본사로도 갈 수 있고요,00:25:48,00:25:48,00:25:48
차영,"오, 서 변",00:25:50,00:25:50,00:25:50
차영,붕 붕붕붕 붕!,00:25:51,00:25:51,00:25:51
차영,"혹시, 씁",00:25:54,00:25:54,00:25:54
차영,개인 운행 차로 롬비르게니가 나오나요?,00:25:56,00:25:56,00:25:56
차영,타고 싶으면 내가 얘기해 줄게요,00:25:59,00:25:59,00:25:59
설명,[탄성],00:26:02,00:26:02,00:26:02
서 변,"저기, 바벨화학 노조 쪽은요",00:26:04,00:26:04,00:26:04
서 변,"씁, 최 변이 클래시컬하게 처리한다 그러는데",00:26:07,00:26:07,00:26:07
서 변,"하, 그 이상은 모르겠어요",00:26:10,00:26:10,00:26:10
서 변,[한숨 쉬며] 클래시컬이라 함은,00:26:12,00:26:12,00:26:12
서 변,칼춤 한번 대놓고 추겠다는 얘기인데,00:26:14,00:26:14,00:26:14
설명,[살짝 웃는다],00:26:17,00:26:17,00:26:17
빈센조,부탁이 하나 있습니다,00:26:20,00:26:20,00:26:20
빈센조,"예, 뭐든지 말씀하십시오",00:26:22,00:26:22,00:26:22
빈센조,성대모사 하나 해 줄 수 있어요?,00:26:24,00:26:24,00:26:24
빈센조,"나도 '기생충' 봤습니다, 좋던데요",00:26:27,00:26:27,00:26:27
빈센조,[이선균을 흉내 내며] 롬비르게니가 진짜 잘 나가요?,00:26:31,00:26:31,00:26:31
설명,[흥미로운 음악] [탄성],00:26:34,00:26:34,00:26:34
서 변,겁나 빠르냐고,00:26:35,00:26:35,00:26:35
설명,[헛웃음],00:26:36,00:26:36,00:26:36
서 변,"[송강호를 흉내 내며] 아, 예",00:26:38,00:26:38,00:26:38
서 변,"뭐, 삼팔선 밑으로는 제일 빠른 차입니다",00:26:40,00:26:40,00:26:40
서 변,"아, 뭐, 밟으면 그냥 확, 응?",00:26:43,00:26:43,00:26:43
차영,"만약에 한 대표, 장한서",00:26:51,00:26:51,00:26:51
차영,"최명희, 장한석",00:26:55,00:26:55,00:26:55
차영,요렇게 복식조면 진짜 팝콘 각인데,00:26:56,00:26:56,00:26:56
차영,어느 쪽이 이길 것 같아요?,00:26:59,00:26:59,00:26:59
차영,난 언더도그 장한서 회장 쪽,00:27:01,00:27:01,00:27:01
차영,원래 단순 무식한 루키들이 이길 때가 있거든요,00:27:04,00:27:04,00:27:04
차영,언더도그가 매력은 있지만 승률은 낮아요,00:27:07,00:27:07,00:27:07
차영,잘 먹겠습니다,00:27:15,00:27:15,00:27:15
차영,혹시 붕어빵과 잉어빵의 차이 알아요?,00:27:17,00:27:17,00:27:17
빈센조,알죠,00:27:21,00:27:21,00:27:21
차영,진짜?,00:27:22,00:27:22,00:27:22
차영,정확히 아는 사람 한 명도 없던데?,00:27:23,00:27:23,00:27:23
차영,말해 봐요,00:27:25,00:27:25,00:27:25
설명,[빈센조의 헛웃음] [흥미로운 음악],00:27:27,00:27:27,00:27:27
빈센조,붕어빵의 입 모양은 '붕'이고,00:27:28,00:27:28,00:27:28
빈센조,잉어빵은 '잉'이라서요,00:27:30,00:27:30,00:27:30
설명,[차영의 웃음],00:27:31,00:27:31,00:27:31
차영,"에이, 그거 아니야",00:27:32,00:27:32,00:27:32
차영,내가 알기로는 반죽의 차이예요,00:27:34,00:27:34,00:27:34
빈센조,반죽은 똑같아요,00:27:36,00:27:36,00:27:36
빈센조,입 모양 차이라니까,00:27:38,00:27:38,00:27:38
차영,우리 또 내기할래요?,00:27:42,00:27:42,00:27:42
차영,좋아요,00:27:45,00:27:45,00:27:45
차영,이번에도 딱밤 내기,00:27:46,00:27:46,00:27:46
차영,"오케이, 리턴 매치",00:27:48,00:27:48,00:27:48
차영,이마를 확 날려 버리겠어! [부드러운 음악],00:27:50,00:27:50,00:27:50
설명,[차영의 기합],00:27:53,00:27:53,00:27:53
차영,감당할 수 있겠어요?,00:27:54,00:27:54,00:27:54
차영,그럼요,00:27:55,00:27:55,00:27:55
빈센조,나 안 봐줘요,00:27:57,00:27:57,00:27:57
차영,나도 안 봐줄 거예요,00:27:58,00:27:58,00:27:58
차영,아주 그냥 이마를 콩콩콩 아주 그냥,00:27:59,00:27:59,00:27:59
빈센조,알았어요,00:28:00,00:28:00,00:28:00
차영,콱!,00:28:00,00:28:00,00:28:00
빈센조,봐 봐요,00:28:02,00:28:02,00:28:02
차영,"아니라고요, 이거는 잉어빵이에요",00:28:05,00:28:05,00:28:05
빈센조,그러니까 '잉',00:28:07,00:28:07,00:28:07
차영,반죽이 바삭바삭하잖아,00:28:08,00:28:08,00:28:08
빈센조,내 말이 맞아요,00:28:10,00:28:10,00:28:10
차영,우리가 먹는,00:28:10,00:28:10,00:28:10
차영,85%의 붕어빵은 잉어빵이라고,00:28:12,00:28:12,00:28:12
빈센조,무슨 변호사가 근거 없는 말을 그렇게 자주 해요?,00:28:14,00:28:14,00:28:14
차영,진짜예요,00:28:16,00:28:16,00:28:16
석도,아!,00:28:22,00:28:22,00:28:22
설명,[흥미로운 음악],00:28:22,00:28:22,00:28:22
석도,아이,00:28:24,00:28:24,00:28:24
차영,뭐예요?,00:28:25,00:28:25,00:28:25
석도,"아니, 우리 저기, 빈센조 까사노 씨",00:28:26,00:28:26,00:28:26
석도,"아, 나랑 동종 업계 종사자였더구먼?",00:28:29,00:28:29,00:28:29
석도,그쪽은 이탈리아 마피아,00:28:31,00:28:31,00:28:31
석도,나는 금가동 마피아,00:28:32,00:28:32,00:28:32
설명,[석도의 웃음],00:28:34,00:28:34,00:28:34
석도,"이야, 진짜",00:28:36,00:28:36,00:28:36
빈센조,넌 마피아가 아니라 양아치고,00:28:39,00:28:39,00:28:39
석도,"아이, 시비 거는 게 아니고, 어?",00:28:41,00:28:41,00:28:41
석도,"뭐, 어쨌든 두 분은 내가 100% 바겐세일해서",00:28:46,00:28:46,00:28:46
석도,공짜로 모실 테니까,00:28:48,00:28:48,00:28:48
석도,어디 도망갈 일 있으면 얘기해요,00:28:49,00:28:49,00:28:49
설명,[빈센조의 헛웃음],00:28:52,00:28:52,00:28:52
석도,"아이, 잘 지내보자고, 좀, 어?",00:28:53,00:28:53,00:28:53
설명,[석도의 웃음],00:28:56,00:28:56,00:28:56
석도,[웃으며] 참 나,00:28:57,00:28:57,00:28:57
석도,"아, 점점 더 예뻐져?",00:28:58,00:28:58,00:28:58
차영,"아유, 쓸데없이 보는 눈은 정확해",00:29:00,00:29:00,00:29:00
차영,아휴,00:29:03,00:29:03,00:29:03
차영,"뭐야, 이거",00:29:04,00:29:04,00:29:04
차영,열기구,00:29:06,00:29:06,00:29:06
차영,"무슨 80일간의 세계 일주 하나, 응?",00:29:08,00:29:08,00:29:08
설명,[빈센조가 숨을 들이켠다],00:29:12,00:29:12,00:29:12
차영,발상은 그럴듯한데요?,00:29:14,00:29:14,00:29:14
설명,[차영이 호응한다],00:29:16,00:29:16,00:29:16
차영,재밌을 것 같은데요?,00:29:18,00:29:18,00:29:18
차영,"[웃으며] 아니야, 타다 죽어요",00:29:19,00:29:19,00:29:19
차영,우리 같이 타러 가자,00:29:21,00:29:21,00:29:21
빈센조,아니야,00:29:22,00:29:22,00:29:22
차영,같이 가자,00:29:23,00:29:23,00:29:23
석도,"이, 연료비가 이게…",00:29:25,00:29:25,00:29:25
설명,[수남의 한숨],00:29:27,00:29:27,00:29:27
수남,"아, 전단지 돌리는 거 너무 힘들어요",00:29:28,00:29:28,00:29:28
설명,[수남의 한숨],00:29:31,00:29:31,00:29:31
미쓰 양,이 동네 해외로 도망갈 사람도 많이 없는데,00:29:33,00:29:33,00:29:33
미쓰 양,"매사 성실히 살아야지, 응?",00:29:35,00:29:35,00:29:35
미쓰 양,부지런한 똥개가 따뜻한 된똥 먹는 거다,00:29:38,00:29:38,00:29:38
미쓰 양,똥을 왜 먹어 [흥미로운 음악],00:29:42,00:29:42,00:29:42
석도,힘내자,00:29:43,00:29:43,00:29:43
석도,"[서류를 사락 넘기며] 씁, 그, 너 저기, 그…",00:29:44,00:29:44,00:29:44
홍식,"어이, 바이바이 박 사장",00:29:46,00:29:46,00:29:46
설명,[희수의 어색한 웃음],00:29:49,00:29:49,00:29:49
희수,"아, 이것도 좀 드셔 보세요",00:29:52,00:29:52,00:29:52
설명,[희수의 웃음],00:29:53,00:29:53,00:29:53
래리 강,진짜 맛있죠?,00:29:53,00:29:53,00:29:53
수남,"응, 맛있어, 맛있어",00:29:53,00:29:53,00:29:53
희수,괜찮죠? [래리 강이 말한다],00:29:56,00:29:56,00:29:56
석도,"와, 이거 진짜 맛있다, 응? [수남의 웃음]",00:29:57,00:29:57,00:29:57
석도,"아니, 근데 왜 다들 안 하던 짓들을 하고 이러실까?",00:30:01,00:30:01,00:30:01
홍식,"아이, 뭐, 그냥 지난 묵은 감정 다 떨치고",00:30:03,00:30:03,00:30:03
홍식,잘 지내자는 겨,00:30:07,00:30:07,00:30:07
토토,"그, 저희 식당에도 한번 들르세요, 예",00:30:09,00:30:09,00:30:09
토토,제가 식사 대접 으리하게 한번 하겠습니다,00:30:12,00:30:12,00:30:12
석도,"아이, 진짜 낯간지럽게 왜들 이래요, 진짜",00:30:14,00:30:14,00:30:14
설명,[숨을 들이켠다],00:30:18,00:30:18,00:30:18
석도,금 찾고 싶어서 이러는 거잖아,00:30:19,00:30:19,00:30:19
설명,[희수의 헛기침],00:30:23,00:30:23,00:30:23
석도,방법 있는 거예요?,00:30:24,00:30:24,00:30:24
희수,전문가라며?,00:30:26,00:30:26,00:30:26
석도,"아, 진짜 [흥미로운 음악]",00:30:29,00:30:29,00:30:29
석도,닭 맛있다,00:30:32,00:30:32,00:30:32
설명,[석도가 픽 웃는다],00:30:37,00:30:37,00:30:37
래리 강,누구예요?,00:30:41,00:30:41,00:30:41
래리 강,"아, 왜 이렇게 사진에서 사짜 느낌이 물씬 풍기지",00:30:43,00:30:43,00:30:43
래리 강,사짜라니!,00:30:48,00:30:48,00:30:48
래리 강,천제 태백산 일대에서 활동하시는 대한민국 최고의 금광 찾기 명인이신,00:30:50,00:30:50,00:30:50
래리 강,열 돈 금광진 선생,00:30:54,00:30:54,00:30:54
래리 강,금광진?,00:30:55,00:30:55,00:30:55
래리 강,"씁, 이름도 사짜네",00:30:57,00:30:57,00:30:57
래리 강,이름조차 타고나신 분이시지,00:30:58,00:30:58,00:30:58
래리 강,대한민국에서 금맥 찾기로는,00:31:00,00:31:00,00:31:00
래리 강,"귀신이야, 귀신",00:31:02,00:31:02,00:31:02
설명,[래리 강의 탄성],00:31:03,00:31:03,00:31:03
희수,봐 봐,00:31:05,00:31:05,00:31:05
래리 강,다이아몬드예요?,00:31:06,00:31:06,00:31:06
석도,"아, 진짜",00:31:07,00:31:07,00:31:07
석도,"아유, 초빙 한번 해 볼까?",00:31:09,00:31:09,00:31:09
석도,"아, 지금 오대산에 있다고 들었는데",00:31:12,00:31:12,00:31:12
석도,"아, 아, 보고 싶다",00:31:13,00:31:13,00:31:13
설명,[한숨],00:31:16,00:31:16,00:31:16
설명,[긴장되는 음악],00:31:20,00:31:20,00:31:20
설명,[키보드 조작음],00:31:26,00:31:26,00:31:26
설명,[시스템 알림음],00:31:38,00:31:38,00:31:38
석도,"바닥에 접근만 하면 되는데, 접근만",00:31:41,00:31:41,00:31:41
설명,[피아노가 쿵 울린다],00:31:47,00:31:47,00:31:47
설명,[의미심장한 음악],00:31:53,00:31:53,00:31:53
TV 속 배우1,네가 진짜 김진민이라는 사실을 아는 사람은 나밖에 없어,00:31:56,00:31:56,00:31:56
TV 속 배우1,너만 죽으면 내가 진짜 김진민이 되는 거지,00:32:00,00:32:00,00:32:00
TV 속 배우2,네 마음대로 되지 않을걸?,00:32:03,00:32:03,00:32:03
설명,[총성],00:32:10,00:32:10,00:32:10
TV 속 배우1,웁스,00:32:15,00:32:15,00:32:15
TV 속 배우1,이미 내 마음대로 돼 버렸는걸?,00:32:16,00:32:16,00:32:16
설명,[웃음],00:32:18,00:32:18,00:32:18
설명,[헛웃음],00:32:19,00:32:19,00:32:19
설명,[TV 종료음],00:32:24,00:32:24,00:32:24
TV 속 배우1,"에이씨, 쯧",00:32:28,00:32:28,00:32:28
설명,[긴장되는 음악],00:32:32,00:32:32,00:32:32
설명,[병뚜껑을 달그락 던진다],00:32:39,00:32:39,00:32:39
설명,[물소리가 들린다],00:32:43,00:32:43,00:32:43
설명,[한숨],00:32:51,00:32:51,00:32:51
설명,[편안한 신음],00:32:57,00:32:57,00:32:57
설명,[의미심장한 음악],00:33:03,00:33:03,00:33:03
설명,[무거운 효과음],00:33:12,00:33:12,00:33:12
설명,[음미하는 신음],00:34:01,00:34:01,00:34:01
명희,생선의 별미는 이 눈깔이거든요,00:34:05,00:34:05,00:34:05
명희,위원장님도 한번 드셔 보세요,00:34:09,00:34:09,00:34:09
명희,변호사님이 제시한 조건,00:34:10,00:34:10,00:34:10
명희,절대 받아들이지 않겠습니다,00:34:12,00:34:12,00:34:12
명희,아이참,00:34:14,00:34:14,00:34:14
설명,[젓가락을 탁 놓는다],00:34:15,00:34:15,00:34:15
명희,미국 지사 부사장으로 발령시켜 드린다니까요,00:34:16,00:34:16,00:34:16
명희,"위로금으로 이 바벨화학 주식 2만 주예요, 2만 주",00:34:20,00:34:20,00:34:20
명희,자제분들 미국 유학 학비 싹 다 대 드립니다,00:34:25,00:34:25,00:34:25
명희,첫째가 공부 그렇게 잘한다면서요?,00:34:29,00:34:29,00:34:29
명희,하버드 보내세요,00:34:31,00:34:31,00:34:31
명희,퇴직금 더블,00:34:34,00:34:34,00:34:34
명희,"혹시 부족하다 싶으시면 뭐, 말씀을 하세요, 말씀을",00:34:35,00:34:35,00:34:35
설명,[한숨],00:34:39,00:34:39,00:34:39
명희,이런 더러운 거래 제안하지 마세요,00:34:40,00:34:40,00:34:40
위원장,불쾌하고 가증스럽네요,00:34:43,00:34:43,00:34:43
설명,[의미심장한 음악],00:34:45,00:34:45,00:34:45
위원장,아휴,00:34:47,00:34:47,00:34:47
위원장,이 아름다운 딜을 거부하시네,00:34:49,00:34:49,00:34:49
위원장,검찰 측에 오늘 일도 증언하겠습니다,00:34:52,00:34:52,00:34:52
위원장,이건 노조 전체를 우롱하는 겁니다,00:34:55,00:34:55,00:34:55
위원장,내가 언제 우롱했어요?,00:34:58,00:34:58,00:34:58
위원장,우롱차도 없는데,00:34:59,00:34:59,00:34:59
설명,[웃음],00:35:03,00:35:03,00:35:03
위원장,가 보겠습니다,00:35:09,00:35:09,00:35:09
설명,[명희의 웃음],00:35:10,00:35:10,00:35:10
명희,[흥얼거리며] 우롱차가 없어요,00:35:13,00:35:13,00:35:13
설명,[횡단보도 신호음],00:35:31,00:35:31,00:35:31
설명,[한숨],00:35:35,00:35:35,00:35:35
설명,[쿨럭거린다],00:35:44,00:35:44,00:35:44
설명,[긴장되는 음악],00:35:48,00:35:48,00:35:48
설명,[타이어 마찰음],00:35:49,00:35:49,00:35:49
설명,[개운한 신음],00:36:05,00:36:05,00:36:05
명희,[젓가락을 달그락 집으며] 그러게 줄 때 받아 처먹지,00:36:07,00:36:07,00:36:07
명희,눈깔이가 어디 있나?,00:36:12,00:36:12,00:36:12
명희,여기 있네,00:36:18,00:36:18,00:36:18
명희,비리다,00:36:22,00:36:22,00:36:22
설명,[젓가락을 탁 내려놓는다],00:36:24,00:36:24,00:36:24
설명,[우아한 음악이 흘러나온다],00:36:27,00:36:27,00:36:27
설명,[휴대전화 진동음],00:36:35,00:36:35,00:36:35
빈센조,예,00:36:44,00:36:44,00:36:44
빈센조,도대체 무슨 짓을 한 거야?,00:36:45,00:36:45,00:36:45
빈센조,"아, 장한석 회장?",00:36:46,00:36:46,00:36:46
설명,[빈센조의 웃음],00:36:50,00:36:50,00:36:50
빈센조,혹시 생수 말하는 건가? [의미심장한 음악],00:36:52,00:36:52,00:36:52
빈센조,아,00:36:55,00:36:55,00:36:55
빈센조,이번에 한국에 오자마자,00:36:56,00:36:56,00:36:56
빈센조,생수 때문에 매우 안 좋은 일을 당했거든,00:36:57,00:36:57,00:36:57
빈센조,그거 화풀이할 데가 없어서,00:37:00,00:37:00,00:37:00
설명,[철욱의 힘주는 신음],00:37:13,00:37:13,00:37:13
빈센조,근데 생각보다 너무 허술해서 화풀이가 별로 안 됐어,00:37:29,00:37:29,00:37:29
빈센조,허술해도 날 못 죽였잖아,00:37:32,00:37:32,00:37:32
빈센조,그런 네가 더 허술한 거 아니야?,00:37:35,00:37:35,00:37:35
빈센조,음,00:37:37,00:37:37,00:37:37
빈센조,착각하지 마,00:37:38,00:37:38,00:37:38
빈센조,일부러 안 죽인 거니까,00:37:40,00:37:40,00:37:40
설명,[흥미로운 음악],00:37:43,00:37:43,00:37:43
설명,[놀란 신음],00:37:54,00:37:54,00:37:54
설명,[지직거리는 효과음] [힘겨운 신음],00:37:56,00:37:56,00:37:56
설명,[주성의 힘겨운 신음],00:38:01,00:38:01,00:38:01
설명,[익살스러운 음악],00:38:17,00:38:17,00:38:17
차영,몇 개? 몇 개?,00:38:20,00:38:20,00:38:20
차영,[힘주며] 3개,00:38:21,00:38:21,00:38:21
설명,[차영이 손가락을 딱 튀긴다],00:38:23,00:38:23,00:38:23
빈센조,안 죽게 하려고 [주성의 편안한 신음],00:38:24,00:38:24,00:38:24
빈센조,약효가 짧게 지속되게 테스트했거든,00:38:26,00:38:26,00:38:26
빈센조,[우아한 음악이 흘러나온다] 10분 지났으면 넌 지금쯤,00:38:29,00:38:29,00:38:29
빈센조,지옥 입구에서 체크인 중일 거야,00:38:31,00:38:31,00:38:31
빈센조,차라리 죽이지 그랬어?,00:38:33,00:38:33,00:38:33
빈센조,응,00:38:35,00:38:35,00:38:35
빈센조,곧 진짜 죽일 거야,00:38:37,00:38:37,00:38:37
빈센조,지금 죽으면,00:38:40,00:38:40,00:38:40
빈센조,우상 로펌의 무능력한 막내 변호사로 죽는 게 되겠지,00:38:42,00:38:42,00:38:42
빈센조,세상 조용하고 그게 좋겠더라고,00:38:47,00:38:47,00:38:47
빈센조,바벨그룹 장한석 회장으로,00:38:50,00:38:50,00:38:50
빈센조,네 부고 기사를 보긴 싫거든,00:38:53,00:38:53,00:38:53
설명,[헛웃음],00:38:55,00:38:55,00:38:55
빈센조,겁나면 다른 은신처로 도망가 봐,00:38:57,00:38:57,00:38:57
빈센조,또 따라갈 테니까,00:39:01,00:39:01,00:39:01
빈센조,"아니, 도망 안 가",00:39:03,00:39:03,00:39:03
빈센조,또 죽이러 와 봐,00:39:05,00:39:05,00:39:05
빈센조,또 죽이러 와 보라고!,00:39:07,00:39:07,00:39:07
빈센조,미안,00:39:10,00:39:10,00:39:10
빈센조,클라이맥스 부분이라,00:39:12,00:39:12,00:39:12
준우,밖에 있는 경호원 새끼들 싹 다 갈아 치워,00:39:31,00:39:31,00:39:31
준우,"아니, 업체 자체를 갈아 치우라고!",00:39:33,00:39:33,00:39:33
준우,죄송합니다,00:39:36,00:39:36,00:39:36
승혁,근데 저희 우상에서 가장 신뢰하는 업체로서…,00:39:37,00:39:37,00:39:37
승혁,교체하겠습니다,00:39:39,00:39:39,00:39:39
준우,"아니, 어떻게 사람이",00:39:40,00:39:40,00:39:40
준우,"3일 만에 두 번이나 죽을 뻔하냐고요, 응?",00:39:42,00:39:42,00:39:42
준우,이번에 용역들이 금가프라자 치러 갈 때,00:39:45,00:39:45,00:39:45
준우,그때 빈센조 같이 처리해 버리시죠,00:39:47,00:39:47,00:39:47
준우,"아휴, 씨",00:39:49,00:39:49,00:39:49
설명,[준우의 성난 신음],00:39:53,00:39:53,00:39:53
준우,많이 놀라셨겠지만,00:39:55,00:39:55,00:39:55
명희,즐거운 소식 하나 가져왔습니다,00:39:58,00:39:58,00:39:58
준우,뭔데요?,00:40:02,00:40:02,00:40:02
준우,바벨화학 노조 위원장 아주 잘 먹고 잘 갔습니다,00:40:03,00:40:03,00:40:03
준우,[어두운 음악] 저 위로,00:40:08,00:40:08,00:40:08
설명,[놀란 숨소리],00:40:11,00:40:11,00:40:11
준우,이렇게나 빨리?,00:40:12,00:40:12,00:40:12
준우,그럼 바벨화학 노조는 이제 어떻게 되는 거예요?,00:40:14,00:40:14,00:40:14
준우,강한 리더일수록 빈자리가 큰 법입니다,00:40:16,00:40:16,00:40:16
준우,와해는 시간문제입니다,00:40:21,00:40:21,00:40:21
설명,[준우의 웃음],00:40:25,00:40:25,00:40:25
준우,"아, 최 변호사님",00:40:28,00:40:28,00:40:28
준우,이렇게 또 사람 힐링시켜 주시네,00:40:30,00:40:30,00:40:30
설명,[준우의 기분 좋은 신음],00:40:32,00:40:32,00:40:32
준우,"최고, 더 베스트!",00:40:35,00:40:35,00:40:35
준우,컴 온!,00:40:38,00:40:38,00:40:38
설명,[신난 탄성],00:40:40,00:40:40,00:40:40
설명,[웃음],00:40:41,00:40:41,00:40:41
설명,[웃음],00:40:43,00:40:43,00:40:43
설명,[준우의 성난 신음],00:40:44,00:40:44,00:40:44
설명,[장난스러운 신음],00:40:47,00:40:47,00:40:47
설명,[어두운 음악이 뚝 끊긴다],00:40:48,00:40:48,00:40:48
설명,[멋쩍은 웃음],00:40:51,00:40:51,00:40:51
설명,[의미심장한 음악],00:40:54,00:40:54,00:40:54
TV 속 앵커,사망한 피해자인 바벨화학 노조 위원장 이 씨는,00:40:55,00:40:55,00:40:55
TV 속 앵커,사고 직후 그 자리에서 즉사했으며,00:40:58,00:40:58,00:40:58
TV 속 앵커,트럭 운전자는 혈중 알코올 농도 0.171의,00:41:01,00:41:01,00:41:01
TV 속 앵커,면허 취소 수준으로 알려졌습니다,00:41:04,00:41:04,00:41:04
TV 속 앵커,바벨하고 우상 또 시작했나 봅니다 [빈센조의 헛웃음],00:41:06,00:41:06,00:41:06
TV 속 앵커,"지긋지긋하다, 이젠, 아휴",00:41:09,00:41:09,00:41:09
TV 속 앵커,클래시컬이 저 의미였네요,00:41:11,00:41:11,00:41:11
TV 속 앵커,"아니, 저렇게 칼춤 추려면",00:41:13,00:41:13,00:41:13
TV 속 앵커,킬러든 조폭이든 계속 필요하잖아요,00:41:15,00:41:15,00:41:15
TV 속 앵커,근데 어디서 저렇게 나쁜 놈들을 계속 구하는지 모르겠어요,00:41:18,00:41:18,00:41:18
차영,"해도 해도 진짜 너무하잖아, 진짜!",00:41:21,00:41:21,00:41:21
차영,"아휴, 짜증 나, 진짜",00:41:23,00:41:23,00:41:23
차영,최고의 악당 변호사는 법을 현금처럼 사용하죠,00:41:24,00:41:24,00:41:24
빈센조,형량 줄여 준다,00:41:28,00:41:28,00:41:28
빈센조,감옥에 안 가게 해 주겠다고 하면,00:41:29,00:41:29,00:41:29
빈센조,나쁜 짓 할 사람 쉽게 구할 수 있어요,00:41:31,00:41:31,00:41:31
빈센조,그럼 혹시 변호사님도 그래요?,00:41:33,00:41:33,00:41:33
빈센조,노코멘트?,00:41:39,00:41:39,00:41:39
홍식,변호사님,00:41:42,00:41:42,00:41:42
빈센조,"아, 예",00:41:43,00:41:43,00:41:43
주성,어? 아침부터 어쩐 일이세요?,00:41:43,00:41:43,00:41:43
홍식,"어, 굿 모닝이여",00:41:46,00:41:46,00:41:46
홍식,"어, 이제부터 금 찾는 걸로 뭐, 귀찮게 안 해 드릴라고",00:41:47,00:41:47,00:41:47
희수,금 찾는 거 전문가한테 맡기기로 했어요,00:41:51,00:41:51,00:41:51
희수,금광진 씨,00:41:54,00:41:54,00:41:54
차영,금?,00:41:54,00:41:54,00:41:54
차영,[흥미로운 음악] 금광진?,00:41:56,00:41:56,00:41:56
빈센조,어…,00:41:58,00:41:58,00:41:58
빈센조,"아, 무슨 말씀 하시는지 모르겠는데",00:42:00,00:42:00,00:42:00
빈센조,"뭐, 알아서들 하세요, 그럼",00:42:02,00:42:02,00:42:02
차영,무슨 얘기예요?,00:42:05,00:42:05,00:42:05
홍식,어?,00:42:06,00:42:06,00:42:06
홍식,빈센조 변호사님이 얘기 안 혔어?,00:42:07,00:42:07,00:42:07
희수,이 건물에 엄청난 금이 있대요,00:42:10,00:42:10,00:42:10
주성,그게 진짜예요?,00:42:14,00:42:14,00:42:14
주성,"아, 이거 그냥 소문일 뿐이에요",00:42:15,00:42:15,00:42:15
주성,확인된 사실이 아니에요,00:42:17,00:42:17,00:42:17
홍식,어떻게 두 사람만 모를 수가 있지?,00:42:19,00:42:19,00:42:19
설명,[웃음],00:42:21,00:42:21,00:42:21
홍식,상가 사람들 전부 다 알아,00:42:23,00:42:23,00:42:23
희수,"그러게, 어떻게 둘만 몰라?",00:42:26,00:42:26,00:42:26
설명,[희수의 웃음],00:42:30,00:42:30,00:42:30
홍식,"아이고, 아침부터 의도치 않게 너무 웃었네",00:42:31,00:42:31,00:42:31
홍식,"가자고, 아이고",00:42:35,00:42:35,00:42:35
희수,"아이고, 진짜…",00:42:35,00:42:35,00:42:35
희수,"어, 잠깐",00:42:37,00:42:37,00:42:37
희수,"아이, 저기 서로 의 상하고 그러면 안 돼",00:42:38,00:42:38,00:42:38
홍식,"아이, 됐어, 가, 나중에 봐유 [희수가 혀를 쯧쯧 찬다]",00:42:42,00:42:42,00:42:42
홍식,"의 상하지 않으려면 어떻게 해야 돼요, 사장님?",00:42:45,00:42:45,00:42:45
빈센조,"예, 예",00:42:48,00:42:48,00:42:48
빈센조,"아, 예, 저…",00:42:49,00:42:49,00:42:49
차영,나 이제 기억났어,00:42:53,00:42:53,00:42:53
차영,바에서 막 두구두구 할 때,00:42:54,00:42:54,00:42:54
차영,그때 했던 금 얘기,00:42:56,00:42:56,00:42:56
차영,어디다 숨겨 놨다 그랬더라?,00:42:57,00:42:57,00:42:57
설명,[한숨],00:43:01,00:43:01,00:43:01
차영,난약사 아래,00:43:04,00:43:04,00:43:04
차영,밀실,00:43:07,00:43:07,00:43:07
설명,[흥미로운 효과음],00:43:08,00:43:08,00:43:08
차영,나무 관세음보살,00:43:10,00:43:10,00:43:10
차영,그럼 그때 진짜라고 얘기를 해 줬어야죠,00:43:13,00:43:13,00:43:13
차영,[흥미로운 음악] 그때도 진짜라고 얘기했어요,00:43:15,00:43:15,00:43:15
주성,어쨌든 저만 모르고 있었던 거네요?,00:43:18,00:43:18,00:43:18
주성,저만 소외됐었어요,00:43:22,00:43:22,00:43:22
주성,빈센조 변호사님과 생사고락을 같이한 게,00:43:25,00:43:25,00:43:25
주성,벌써 몇 개월째인데,00:43:29,00:43:29,00:43:29
주성,"아이, 프라자 사람들은 아직 금이 정확히 어디 있는지 몰라요",00:43:31,00:43:31,00:43:31
주성,"1,500억 원어치가 숨겨 있다 그랬나요?",00:43:35,00:43:35,00:43:35
주성,천…,00:43:37,00:43:37,00:43:37
설명,[한숨],00:43:39,00:43:39,00:43:39
주성,사무장님,00:43:44,00:43:44,00:43:44
빈센조,골드바가 [주성이 호응한다],00:43:48,00:43:48,00:43:48
빈센조,1조 5백억 원어치요,00:43:50,00:43:50,00:43:50
설명,[흥미로운 효과음] [주성의 놀란 신음],00:43:53,00:43:53,00:43:53
빈센조,"[극적인 음악] 근데 왜 1,500억이라 그랬어요?",00:43:55,00:43:55,00:43:55
빈센조,"아이, 그때는 많이 친하질 않아서",00:43:57,00:43:57,00:43:57
차영,"어유, 야!",00:43:59,00:43:59,00:43:59
차영,"아, 예",00:43:59,00:43:59,00:43:59
차영,"정말 섭섭합니다, 너무…",00:44:01,00:44:01,00:44:01
설명,[주성의 한숨],00:44:02,00:44:02,00:44:02
주성,저 사실 변호사님,00:44:04,00:44:04,00:44:04
주성,"직계 가족으로 생각하고 있었습니다, 예",00:44:06,00:44:06,00:44:06
설명,[당황한 신음],00:44:09,00:44:09,00:44:09
주성,내 동생,00:44:10,00:44:10,00:44:10
빈센조,아…,00:44:12,00:44:12,00:44:12
빈센조,아니에요,00:44:13,00:44:13,00:44:13
주성,"와, 형이야",00:44:14,00:44:14,00:44:14
주성,"아니야, 음",00:44:14,00:44:14,00:44:14
주성,"어이구, 어이구, 어이구, 어이구",00:44:16,00:44:16,00:44:16
주성,그동안 얼마나,00:44:17,00:44:17,00:44:17
차영,큰오빠,00:44:18,00:44:18,00:44:18
차영,작은오빠,00:44:20,00:44:20,00:44:20
설명,[빈센조의 당황한 신음] [주성의 웃음],00:44:21,00:44:21,00:44:21
설명,[빈센조의 한숨],00:44:24,00:44:24,00:44:24
설명,[잔잔한 음악],00:44:26,00:44:26,00:44:26
한서,"일단 거처를 좀 옮기시는 게 어떻겠습니까, 형님",00:44:42,00:44:42,00:44:42
한서,"아니, 여기 계속 있을 거야",00:44:45,00:44:45,00:44:45
준우,경비만 두 배로 강화해,00:44:47,00:44:47,00:44:47
준우,"알겠습니다, 형님",00:44:49,00:44:49,00:44:49
준우,너무 어려 보이지 않게 해,00:44:52,00:44:52,00:44:52
준우,깔끔하고 강해 보이게,00:44:54,00:44:54,00:44:54
헤어 디자이너들,"네, 고객님",00:44:55,00:44:55,00:44:55
헤어 디자이너들,"형님, 그, 뭐, 잡념도 없애실 겸",00:44:59,00:44:59,00:44:59
헤어 디자이너들,내일 요 앞에 저랑 사냥 한번 다녀오는 거 어떠십니까?,00:45:02,00:45:02,00:45:02
헤어 디자이너들,다음 달까지 허가 기간이라고 하더라고요,00:45:05,00:45:05,00:45:05
헤어 디자이너들,"음, 잠깐만",00:45:08,00:45:08,00:45:08
준우,오랜만에 그럴까?,00:45:11,00:45:11,00:45:11
준우,아버지 계실 때 나가고 안 나갔지?,00:45:13,00:45:13,00:45:13
준우,"예, 형님",00:45:15,00:45:15,00:45:15
준우,응,00:45:16,00:45:16,00:45:16
준우,"아, 총 가져와야 되는데, 경찰서에서",00:45:17,00:45:17,00:45:17
준우,"아, 제가 내일 김 비서한테 갖고 오라고 하겠습니다",00:45:19,00:45:19,00:45:19
준우,[웃으며] 오케이,00:45:22,00:45:22,00:45:22
준우,다시 해,00:45:24,00:45:24,00:45:24
설명,[웃음],00:45:27,00:45:27,00:45:27
설명,[빈센조의 한숨],00:45:31,00:45:31,00:45:31
준우,1조 5백억이면,00:45:33,00:45:33,00:45:33
차영,이건 국가 예산도 아니고,00:45:36,00:45:36,00:45:36
차영,전부 변호사님 건가요?,00:45:39,00:45:39,00:45:39
차영,70%만요,00:45:41,00:45:41,00:45:41
빈센조,30%는 아시죠?,00:45:43,00:45:43,00:45:43
빈센조,조 사장님,00:45:46,00:45:46,00:45:46
설명,[흥미로운 음악] [차영의 웃음],00:45:48,00:45:48,00:45:48
차영,"이야, 70%면",00:45:49,00:45:49,00:45:49
차영,7천3백억!,00:45:53,00:45:53,00:45:53
설명,[빈센조의 당황한 신음],00:45:55,00:45:55,00:45:55
차영,빈센조가 아니라,00:45:56,00:45:56,00:45:56
차영,빈수르였어! [익살스러운 효과음],00:45:58,00:45:58,00:45:58
설명,[빈센조의 한숨],00:46:00,00:46:00,00:46:00
설명,[빈센조의 헛웃음],00:46:01,00:46:01,00:46:01
빈센조,이제 우린 패밀리니까 [흥미로운 음악],00:46:03,00:46:03,00:46:03
빈센조,오늘부터 이걸 함께 관리하고 지켜야…,00:46:06,00:46:06,00:46:06
설명,[의자를 드르륵 끈다],00:46:08,00:46:08,00:46:08
차영,함께라면,00:46:09,00:46:09,00:46:09
차영,우리한테도 뭐가 있는 거?,00:46:11,00:46:11,00:46:11
차영,당연하죠 [차영의 놀란 탄성],00:46:12,00:46:12,00:46:12
차영,자세한 분배율은 차차 생각해 볼게요,00:46:16,00:46:16,00:46:16
차영,저 총 한 자루 주세요,00:46:19,00:46:19,00:46:19
차영,"아이, 좀…",00:46:21,00:46:21,00:46:21
주성,매일 난약사 앞을 지키겠습니다,00:46:21,00:46:21,00:46:21
차영,[웃으며] 이건 미쳤어,00:46:24,00:46:24,00:46:24
차영,[흥미로운 음악] 이건 미친 거야!,00:46:26,00:46:26,00:46:26
차영,"야, 살다 보니 별일이 다 있네?",00:46:29,00:46:29,00:46:29
빈센조,"조용, 제발",00:46:31,00:46:31,00:46:31
설명,[차영의 웃음],00:46:32,00:46:32,00:46:32
주성,근데 프라자 분들 계속 저러면 어떡하실 거예요?,00:46:34,00:46:34,00:46:34
주성,일단은 모른 척해야죠,00:46:39,00:46:39,00:46:39
주성,모른 척해야죠,00:46:41,00:46:41,00:46:41
주성,프라자의 평화를 위해서라도,00:46:42,00:46:42,00:46:42
빈센조,"예, 잠깐만",00:46:44,00:46:44,00:46:44
빈센조,"저, 거기, 아, 잠깐만, 결려 가지고",00:46:46,00:46:46,00:46:46
빈센조,"아휴, 아휴",00:46:48,00:46:48,00:46:48
설명,[승혁의 다급한 숨소리],00:46:50,00:46:50,00:46:50
설명,[문이 탁 닫힌다],00:46:51,00:46:51,00:46:51
설명,[숨을 후 내뱉는다],00:46:56,00:46:56,00:46:56
명희,남동부지검 갔다 온다더만 뭐 이리 난리인데?,00:46:59,00:46:59,00:46:59
명희,대외 안보 정보원에서 보고서가 한 장 유출돼서,00:47:02,00:47:02,00:47:02
명희,그걸 남동부지검에서 입수를 했는데,00:47:05,00:47:05,00:47:05
명희,했는데?,00:47:08,00:47:08,00:47:08
명희,"와, 미치겠네",00:47:09,00:47:09,00:47:09
명희,"기억나요, 누님?",00:47:12,00:47:12,00:47:12
명희,예전에 대외 안보 정보원에서 만든 기요틴 파일,00:47:14,00:47:14,00:47:14
명희,알지,00:47:16,00:47:16,00:47:16
명희,"그, 비공개 대상 정보로 봉인됐잖아",00:47:17,00:47:17,00:47:17
명희,[손뼉을 탁탁 치며] 근데 그게 아니었대요,00:47:20,00:47:20,00:47:20
설명,[긴장되는 음악],00:47:22,00:47:22,00:47:22
명희,만든 다음에 파일이 해킹당하고 분실됐는데,00:47:24,00:47:24,00:47:24
명희,마치 있는 것처럼 비공개 대상 정보로 놔둔 거래요,00:47:26,00:47:26,00:47:26
승혁,지금 검찰 다 뒤집어졌어,00:47:29,00:47:29,00:47:29
설명,[헛웃음],00:47:33,00:47:33,00:47:33
설명,[긴장감이 고조되는 음악],00:47:34,00:47:34,00:47:34
태 국장,얼른 앉아,00:47:44,00:47:44,00:47:44
태 국장,"아니, 어떻게 보고서가 유출이 될 수가 있어, 어?",00:47:49,00:47:49,00:47:49
태 국장,도대체 누가?,00:47:54,00:47:54,00:47:54
기석,어쨌든 기요틴 파일의 존재 여부는 검찰에서도 알게 된 거네요?,00:47:56,00:47:56,00:47:56
기석,"아휴, 망신살이 뻗친 거지, 뭐",00:47:59,00:47:59,00:47:59
설명,[흥미진진한 음악],00:48:02,00:48:02,00:48:02
태 국장,"그, 안 팀장은 당장 복귀해서 이 일 해결이나 도와",00:48:03,00:48:03,00:48:03
태 국장,안 됩니다,00:48:06,00:48:06,00:48:06
태 국장,지금 그쪽 일도 심각합니다,00:48:07,00:48:07,00:48:07
태 국장,"야, 너 국제 팀 간부야",00:48:09,00:48:09,00:48:09
태 국장,왜 거기 계속 있으려 그래?,00:48:12,00:48:12,00:48:12
태 국장,"기다려 주십시오, 아, 저기",00:48:14,00:48:14,00:48:14
태 국장,빨리 끝내고 기요틴 파일 해결에 합류하겠습니다,00:48:15,00:48:15,00:48:15
태 국장,"저, 심각해요, 저기",00:48:18,00:48:18,00:48:18
태 국장,"야, 야, 안 팀장",00:48:19,00:48:19,00:48:19
기석,"어휴, 죄송합니다",00:48:21,00:48:21,00:48:21
태 국장,야,00:48:21,00:48:21,00:48:21
태 국장,야!,00:48:23,00:48:23,00:48:23
주성,아니에요,00:48:26,00:48:26,00:48:26
주성,그냥 깔끔하게 5 대 5로 하고,00:48:27,00:48:27,00:48:27
주성,각출해서 투자를 하고…,00:48:29,00:48:29,00:48:29
기석,콘실리에리! [문이 달칵 열린다],00:48:30,00:48:30,00:48:30
설명,[가쁜 숨소리],00:48:33,00:48:33,00:48:33
기석,"아, 예, 무슨 일이에요?",00:48:35,00:48:35,00:48:35
기석,"급히 조언을 구해야 할 게 하나 있습니다, 콘실리에리",00:48:36,00:48:36,00:48:36
기석,어떤 조언이요?,00:48:39,00:48:39,00:48:39
기석,저희 정보원과 관련된 건데,00:48:40,00:48:40,00:48:40
기석,콘실리에리의 시각이 필요합니…,00:48:42,00:48:42,00:48:42
설명,[놀란 신음],00:48:44,00:48:44,00:48:44
설명,[손가락을 딱 튀긴다],00:48:47,00:48:47,00:48:47
기석,[쓸쓸한 음악] 정보원이라니요?,00:48:48,00:48:48,00:48:48
차영,"아, 사무장님 모르는구나?",00:48:51,00:48:51,00:48:51
차영,"안 군, 대외 안보 정보원 이중 첩자예요",00:48:52,00:48:52,00:48:52
차영,대박이지,00:48:56,00:48:56,00:48:56
주성,이중 첩…,00:48:57,00:48:57,00:48:57
설명,[주성의 헛웃음],00:48:58,00:48:58,00:48:58
주성,와,00:49:01,00:49:01,00:49:01
주성,[서류를 툭 놓으며] 또 나만 몰랐네,00:49:03,00:49:03,00:49:03
주성,"나는 뭐, 다 몰라",00:49:04,00:49:04,00:49:04
주성,"왜, 왜 맨날 나만 몰라, 어?",00:49:06,00:49:06,00:49:06
주성,"나는 그냥 이 주전자 스티븐슨 같은 존재인가, 응?",00:49:08,00:49:08,00:49:08
주성,"어유, 아프겠다",00:49:14,00:49:14,00:49:14
주성,내 마음처럼,00:49:16,00:49:16,00:49:16
기석,몇 년 전 전임 대통령이 [의미심장한 음악],00:49:18,00:49:18,00:49:18
기석,저희 정보원에 명령을 하나 내립니다,00:49:19,00:49:19,00:49:19
전임 대통령,"국회 의원, 검찰, 재계 문화 체육계 주요 인사들",00:49:23,00:49:23,00:49:23
전임 대통령,여야 할 것 없이 싹 다 훑어요,00:49:27,00:49:27,00:49:27
전임 대통령,아침에 일어나서 잠들 때까지…,00:49:29,00:49:29,00:49:29
기석,"[전임 대통령이 말한다] 정보원에 입수된 정재계, 검찰 인사의",00:49:31,00:49:31,00:49:31
기석,모든 부정을 취합해 하나의 파일로 만들라고요,00:49:34,00:49:34,00:49:34
기석,일명 기요틴 파일입니다,00:49:37,00:49:37,00:49:37
기석,파일명도 무시무시하네요,00:49:40,00:49:40,00:49:40
빈센조,단두대 파일,00:49:42,00:49:42,00:49:42
설명,[차영의 수긍하는 신음],00:49:43,00:49:43,00:49:43
빈센조,그런 걸 왜 만들라고 했어요?,00:49:45,00:49:45,00:49:45
빈센조,멋있게 표현하면,00:49:47,00:49:47,00:49:47
빈센조,퇴임 후 정적으로부터 자신을 보호하기 위해서,00:49:49,00:49:49,00:49:49
차영,짜치게 말하면 감방 가기 싫어서,00:49:52,00:49:52,00:49:52
기석,맞습니다,00:49:55,00:49:55,00:49:55
기석,[김상중을 흉내 내며] 그런데 말입니다,00:49:56,00:49:56,00:49:56
기석,[의미심장한 음악] 큰 문제가 하나 생깁니다,00:49:57,00:49:57,00:49:57
설명,[고풍스러운 효과음],00:50:01,00:50:01,00:50:01
기석,"1년 후, 중국 조직 북룡회의 해커들이 정보원을 해킹했고",00:50:02,00:50:02,00:50:02
기석,이 기요틴 파일을 빼 간 겁니다,00:50:07,00:50:07,00:50:07
기석,저희 쪽 파일은 삭제해 버리고요,00:50:09,00:50:09,00:50:09
기석,정보원은 이를 숨긴 채,00:50:14,00:50:14,00:50:14
기석,비공개 대상 정보로 분류하고 기밀에 부쳤습니다,00:50:16,00:50:16,00:50:16
기석,마치 파일이 존재하는 것처럼요,00:50:27,00:50:27,00:50:27
설명,[캐비닛이 쾅 닫힌다],00:50:31,00:50:31,00:50:31
주성,진짜 혼을 갈아 넣은 잔머리네요,00:50:32,00:50:32,00:50:32
주성,해커들에 관한 정보는요?,00:50:34,00:50:34,00:50:34
주성,우리는 오랜 기다림 끝에,00:50:36,00:50:36,00:50:36
주성,해커들을 지휘한 북룡회의 상해 보스를 알아냈습니다,00:50:38,00:50:38,00:50:38
주성,그리고 추적 중이었죠,00:50:43,00:50:43,00:50:43
주성,그런데,00:50:45,00:50:45,00:50:45
주성,그것을 알고 싶은데,00:50:47,00:50:47,00:50:47
주성,서프라이즈할 것 같다,00:50:49,00:50:49,00:50:49
주성,이 보스는,00:50:52,00:50:52,00:50:52
주성,파일을 자신의 비자금과 함께,00:50:54,00:50:54,00:50:54
주성,한국 어딘가에 숨겨 둔 채,00:50:56,00:50:56,00:50:56
주성,1년 전 심장 마비로 사망했습니다,00:50:58,00:50:58,00:50:58
설명,[긴장되는 음악],00:51:01,00:51:01,00:51:01
주성,그 중국 쪽 보스 이름이 뭐죠?,00:51:07,00:51:07,00:51:07
주성,왕샤오린이라고 합니다,00:51:11,00:51:11,00:51:11
차영,어쨌든 파일이 한국으로 돌아오긴 했네요,00:51:20,00:51:20,00:51:20
차영,만약에,00:51:23,00:51:23,00:51:23
차영,콘실리에리가 왕샤오린이라면,00:51:25,00:51:25,00:51:25
기석,어디다 숨길 것 같습니까?,00:51:29,00:51:29,00:51:29
기석,[긴장되는 음악이 뚝 끊긴다] 잘 모르겠는데요,00:51:34,00:51:34,00:51:34
기석,그래도 생각을 조금…,00:51:37,00:51:37,00:51:37
기석,진짜 모르겠는데요,00:51:39,00:51:39,00:51:39
기석,생각이 하나도 안 나 [의미심장한 음악],00:51:40,00:51:40,00:51:40
기석,그럼 그 파일은 어디로 간 거야?,00:51:42,00:51:42,00:51:42
기석,그건 아무도 모르죠,00:51:46,00:51:46,00:51:46
승혁,근데 이거 까지면 대한민국 완전히 뒤집어져요,00:51:47,00:51:47,00:51:47
승혁,"특히 여의도, 서초동 쪽은 완전 핵폭탄 투하라고",00:51:51,00:51:51,00:51:51
승혁,바벨도 예외는 아니고요,00:51:55,00:51:55,00:51:55
승혁,그 안에 있는 내용이 심각하나?,00:52:01,00:52:01,00:52:01
승혁,정확히 무슨 내용인지 모르겠는데,00:52:05,00:52:05,00:52:05
승혁,이 파일 때문에 바벨이 정보원에 상납한 돈이,00:52:08,00:52:08,00:52:08
승혁,달마다 큰 거 두 장씩이었어요,00:52:10,00:52:10,00:52:10
승혁,"이 정도면 안 봐도 뻔하지, 뭐",00:52:13,00:52:13,00:52:13
승혁,어쨌거나 빨리 찾아야겠네,00:52:17,00:52:17,00:52:17
승혁,"그러니까, 근데 이걸 어디서 찾냐고",00:52:19,00:52:19,00:52:19
승혁,"미치겠네, 정말, 씨",00:52:21,00:52:21,00:52:21
승혁,장 회장한테 말해요?,00:52:24,00:52:24,00:52:24
승혁,아니,00:52:30,00:52:30,00:52:30
승혁,상황을 좀 보자,00:52:32,00:52:32,00:52:32
승혁,적당한 타이밍에 말해야지,00:52:37,00:52:37,00:52:37
설명,[빈센조가 라이터를 달칵거린다] [의미심장한 음악],00:52:41,00:52:41,00:52:41
빈센조,기요틴 파일,00:52:51,00:52:51,00:52:51
빈센조,왕샤오린,00:52:53,00:52:53,00:52:53
빈센조,한국에 비자금과 함께 보관,00:52:56,00:52:56,00:52:56
설명,[라이터가 탁 떨어진다],00:53:00,00:53:00,00:53:00
빈센조,그렇다면…,00:53:03,00:53:03,00:53:03
설명,[분위기가 고조되는 음악],00:53:08,00:53:08,00:53:08
설명,[웃음],00:53:20,00:53:20,00:53:20
설명,[웃음],00:53:26,00:53:26,00:53:26
준우,"아, 좋아, 좋아, 좋아",00:53:28,00:53:28,00:53:28
설명,[까마귀 울음],00:53:31,00:53:31,00:53:31
준우,"야, 이게 얼만 만에 잡아 보는 총이냐?",00:53:34,00:53:34,00:53:34
한서,그러게 말입니다,00:53:36,00:53:36,00:53:36
한서,저도 진짜 한 몇 년 만에 잡아 보는 것 같습니다,00:53:38,00:53:38,00:53:38
준우,야,00:53:42,00:53:42,00:53:42
준우,근데 진짜 사냥개들 없어도 괜찮겠어?,00:53:43,00:53:43,00:53:43
준우,"예, 뭐, 다루기도 힘들고 그냥 저랑 둘이 나가시죠",00:53:45,00:53:45,00:53:45
준우,그래,00:53:49,00:53:49,00:53:49
준우,가자,00:53:52,00:53:52,00:53:52
한서,"아, 예, 형님",00:53:52,00:53:52,00:53:52
설명,[준우가 총성을 흉내 낸다],00:53:56,00:53:56,00:53:56
준우,"좋아, 좋아",00:53:59,00:53:59,00:53:59
설명,[의미심장한 음악] [까마귀 울음],00:54:00,00:54:00,00:54:00
설명,[준우가 숨을 후 내뱉는다],00:54:05,00:54:05,00:54:05
준우,"야, 너 기억나냐?",00:54:08,00:54:08,00:54:08
준우,네 얼굴 처음 본 게 여기 별장이었잖아?,00:54:10,00:54:10,00:54:10
한서,"예, 기억납니다, 형님",00:54:13,00:54:13,00:54:13
준우,아버지,00:54:15,00:54:15,00:54:15
준우,우리 친하게 해 준다고 일부러 사냥 데리고 나갔었지?,00:54:17,00:54:17,00:54:17
준우,우린 총소리 무서워서 아버지 뒤만 졸졸 따라다니고,00:54:20,00:54:20,00:54:20
준우,"그땐 진짜 무서웠습니다, 형님",00:54:24,00:54:24,00:54:24
준우,[웃으며] 그러니까,00:54:25,00:54:25,00:54:25
준우,"어, 저기!",00:54:28,00:54:28,00:54:28
설명,[총성],00:54:29,00:54:29,00:54:29
준우,아이씨,00:54:31,00:54:31,00:54:31
설명,[긴장되는 음악],00:54:38,00:54:38,00:54:38
설명,[준우의 거친 숨소리],00:54:42,00:54:42,00:54:42
준우,"아, 어디 갔어?",00:54:44,00:54:44,00:54:44
설명,[준우의 거친 숨소리],00:54:47,00:54:47,00:54:47
승혁,"지금이 기회입니다, 회장님",00:54:51,00:54:51,00:54:51
승혁,이제는 형님과 작별을 고하셔야 할 것 같습니다,00:54:56,00:54:56,00:54:56
한서,"어이, 이봐, 한 대표, 지금…",00:55:03,00:55:03,00:55:03
한서,지금 나보고 형님을 없애라고 하는 거예요?,00:55:08,00:55:08,00:55:08
한서,네,00:55:11,00:55:11,00:55:11
한서,회장님을 위해서요,00:55:13,00:55:13,00:55:13
한서,제가 행복한 바벨로 만들어 드리겠습니다,00:55:16,00:55:16,00:55:16
승혁,"타인에 대한 죄책감, 공포 전혀 느낄 필요가 없습니다",00:55:18,00:55:18,00:55:18
승혁,"아니, 그래도!",00:55:21,00:55:21,00:55:21
승혁,보이스 비 앰비셔스!,00:55:21,00:55:21,00:55:21
승혁,"아니야, 아니야, 아니야!",00:55:23,00:55:23,00:55:23
승혁,장한서 비 앰비셔스!,00:55:24,00:55:24,00:55:24
설명,[승혁이 책상을 탁 친다],00:55:26,00:55:26,00:55:26
승혁,야망과 실행의 간격은,00:55:29,00:55:29,00:55:29
승혁,좁을수록 효과가 좋습니다,00:55:31,00:55:31,00:55:31
승혁,지금 실행에 옮기셔야 모든 게 편해집니다,00:55:36,00:55:36,00:55:36
준우,"장한서, 뭐 해? 올라와",00:55:41,00:55:41,00:55:41
한서,"아, 예, 형님",00:55:43,00:55:43,00:55:43
설명,[준우의 한숨],00:55:46,00:55:46,00:55:46
설명,[분위기가 고조되는 음악],00:55:50,00:55:50,00:55:50
한서,"형님, 저 앞쪽에 뭐가 있는 것 같습니다!",00:55:52,00:55:52,00:55:52
준우,어디?,00:55:54,00:55:54,00:55:54
준우,"오른쪽이요, 형님!",00:55:57,00:55:57,00:55:57
준우,오른쪽? 오른쪽?,00:55:58,00:55:58,00:55:58
한서,"예, 맞습니다, 예",00:56:00,00:56:00,00:56:00
준우,"어, 보이는 것 같아",00:56:04,00:56:04,00:56:04
설명,[긴장되는 음악],00:56:11,00:56:11,00:56:11
설명,[총성] [준우의 비명],00:56:22,00:56:22,00:56:22
설명,[한서의 떨리는 숨소리],00:56:26,00:56:26,00:56:26
설명,[떨리는 숨소리],00:56:32,00:56:32,00:56:32
설명,[긴장감이 고조되는 음악],00:56:35,00:56:35,00:56:35
설명,[한서의 거친 숨소리],00:56:41,00:56:41,00:56:41
설명,[무거운 음악],00:56:58,00:56:58,00:56:58
설명,[당황한 신음],00:57:26,00:57:26,00:57:26
준우,형님,00:57:29,00:57:29,00:57:29
설명,[준우의 웃음],00:57:41,00:57:41,00:57:41
설명,[준우의 거친 숨소리],00:57:47,00:57:47,00:57:47
준우,총을,00:57:56,00:57:56,00:57:56
준우,제대로 쏴야지,00:57:59,00:57:59,00:57:59
설명,[긴장감이 고조되는 음악] [떨리는 숨소리],00:58:01,00:58:01,00:58:01
설명,[놀란 숨소리],00:58:16,00:58:16,00:58:16
사냥꾼,거기 무슨 일입니까?,00:58:30,00:58:30,00:58:30
설명,[개 울음],00:58:31,00:58:31,00:58:31
설명,[한서의 떨리는 숨소리],00:58:33,00:58:33,00:58:33
한서,"도, 도와주십시오!",00:58:35,00:58:35,00:58:35
한서,"[총을 철커덕 내려놓으며] 형님, 형님!",00:58:38,00:58:38,00:58:38
한서,"아, 형님, 형님, 형님, 형님",00:58:40,00:58:40,00:58:40
한서,"정신 차리세요, 형님, 형님",00:58:44,00:58:44,00:58:44
사냥꾼,"아, 이게 어떻게 된 거예요?",00:58:46,00:58:46,00:58:46
한서,도와주세요,00:58:48,00:58:48,00:58:48
사냥꾼,"아, 이 피 봐",00:58:48,00:58:48,00:58:48
한서,"아, 형님, 형님",00:58:49,00:58:49,00:58:49
한서,"형님, 형님",00:58:52,00:58:52,00:58:52
설명,[거친 숨소리],00:58:53,00:58:53,00:58:53
사냥꾼,"네, 아, 119죠?",00:58:55,00:58:55,00:58:55
사냥꾼,"네, 네, 아, 예, 여기가 어디냐면요",00:58:57,00:58:57,00:58:57
한서,"형님, 형님, 형님, 형님, 형님",00:58:59,00:58:59,00:58:59
설명,[한서의 떨리는 숨소리],00:59:05,00:59:05,00:59:05
차영,"오케이, 내 말이 맞잖아",00:59:12,00:59:12,00:59:12
차영,일로 와 봐요,00:59:15,00:59:15,00:59:15
빈센조,왜요?,00:59:18,00:59:18,00:59:18
빈센조,"붕어, 잉어빵 전문가가 올린 거예요",00:59:24,00:59:24,00:59:24
차영,"[밝은 음악] '붕어빵, 잉어빵의 차이'",00:59:27,00:59:27,00:59:27
차영,'반죽의 차이로 인한 맛과 식감의 차이다',00:59:29,00:59:29,00:59:29
차영,뭐가 '붕'이고 뭐가 '잉'이야?,00:59:34,00:59:34,00:59:34
차영,말도 안 돼,00:59:36,00:59:36,00:59:36
차영,내 말이 맞는데…,00:59:39,00:59:39,00:59:39
차영,"그러니까 맞자고, 이마 대요",00:59:41,00:59:41,00:59:41
설명,[차영의 헛기침],00:59:43,00:59:43,00:59:43
설명,[차영의 힘주는 신음],00:59:44,00:59:44,00:59:44
설명,[차영의 기합],00:59:50,00:59:50,00:59:50
설명,[차영의 들뜬 신음] [빈센조의 헛기침],00:59:54,00:59:54,00:59:54
빈센조,예,00:59:57,00:59:57,00:59:57
빈센조,졌으니까 맞아야죠,00:59:58,00:59:58,00:59:58
차영,가만히 있어요,01:00:00,01:00:00,01:00:00
차영,움직이면 크게 다쳐요,01:00:02,01:00:02,01:00:02
차영,가만히 있잖아요,01:00:05,01:00:05,01:00:05
설명,[차영이 숨을 들이켠다],01:00:06,01:00:06,01:00:06
설명,[차영의 웃음],01:00:08,01:00:08,01:00:08
빈센조,"아유, 몸 그만 풀고 빨리합시다",01:00:11,01:00:11,01:00:11
설명,[부드러운 음악],01:00:15,01:00:15,01:00:15
빈센조,변호사님,01:00:43,01:00:43,01:00:43
설명,[빈센조의 놀란 신음],01:00:57,01:00:57,01:00:57
설명,[빈센조의 아파하는 신음],01:01:02,01:01:02,01:01:02
설명,[흥미로운 음악],01:01:11,01:01:11,01:01:11
설명,[아파하는 신음],01:01:17,01:01:17,01:01:17
빈센조,"어, 뇌, 뇌 손상 입을 것 같은데",01:01:20,01:01:20,01:01:20
설명,[아파하는 신음],01:01:22,01:01:22,01:01:22
빈센조,힘 반밖에 안 썼어요,01:01:27,01:01:27,01:01:27
차영,다 썼으면 두개골에 실금 갔어요,01:01:29,01:01:29,01:01:29
설명,[휴대전화 진동음],01:01:32,01:01:32,01:01:32
설명,[빈센조의 한숨],01:01:35,01:01:35,01:01:35
빈센조,어,01:01:42,01:01:42,01:01:42
빈센조,언제?,01:01:45,01:01:45,01:01:45
빈센조,"알았어, 일단 계속 지켜봐",01:01:48,01:01:48,01:01:48
차영,무슨 일이에요?,01:01:57,01:01:57,01:01:57
차영,장한석,01:01:59,01:01:59,01:01:59
차영,장한서랑 사냥 나갔다가 [의미심장한 음악],01:02:01,01:02:01,01:02:01
차영,오발 사고로 총상 입었대요,01:02:05,01:02:05,01:02:05
차영,죽은 건 아니죠?,01:02:08,01:02:08,01:02:08
차영,병원에 실려 갔대요,01:02:10,01:02:10,01:02:10
차영,자세한 상태는 아직 모르고요,01:02:13,01:02:13,01:02:13
차영,절대 사고는 아닌 것 같은데,01:02:15,01:02:15,01:02:15
차영,정보대로라면,01:02:17,01:02:17,01:02:17
차영,복식조끼리 전쟁이 시작된 거네요,01:02:21,01:02:21,01:02:21
설명,[흐느낀다],01:02:38,01:02:38,01:02:38
한서,선생님,01:02:54,01:02:54,01:02:54
한서,상태 어떻습니까?,01:02:55,01:02:55,01:02:55
한서,간에 박힌 탄환 때문에 출혈이 문제였는데,01:02:57,01:02:57,01:02:57
한서,지혈이 잘되었고,01:03:00,01:03:00,01:03:00
의사,탄환도 잘 제거되었습니다 [의미심장한 음악],01:03:01,01:03:01,01:03:01
의사,"한시름 놓으셔도 될 것 같습니다, 회장님",01:03:04,01:03:04,01:03:04
설명,[승혁의 한숨],01:03:09,01:03:09,01:03:09
설명,[한숨],01:03:10,01:03:10,01:03:10
의사,"오, 주님, 감사합니다",01:03:15,01:03:15,01:03:15
설명,[한서가 흐느낀다],01:03:18,01:03:18,01:03:18
설명,[거친 숨소리],01:03:24,01:03:24,01:03:24
설명,[분위기가 고조되는 음악],01:03:31,01:03:31,01:03:31
설명,[한서의 떨리는 숨소리],01:03:39,01:03:39,01:03:39
한서,"쫄지 말자, 어?",01:03:45,01:03:45,01:03:45
설명,[한서가 중얼거린다],01:03:47,01:03:47,01:03:47
한서,"한서야, 한서야!",01:03:50,01:03:50,01:03:50
한서,"절대 쫄지 말자, 응?",01:03:54,01:03:54,01:03:54
한서,절대 후회도 하지 말자,01:03:58,01:03:58,01:03:58
한서,절대로,01:04:01,01:04:01,01:04:01
설명,[심전도계 비프음],01:04:16,01:04:16,01:04:16
설명,[힘겨운 숨소리],01:04:29,01:04:29,01:04:29
명희,회장님,01:04:35,01:04:35,01:04:35
명희,엄청 무서운 꿈을 꿨어요,01:04:42,01:04:42,01:04:42
명희,이름 없는 묘지에 묻히는 꿈을요,01:04:48,01:04:48,01:04:48
설명,[의미심장한 음악],01:04:51,01:04:51,01:04:51
준우,내 얼굴에,01:04:56,01:04:56,01:04:56
준우,흙을 뿌리는 사람만 있고,01:04:58,01:04:58,01:04:58
준우,아무도 없었어요,01:05:03,01:05:03,01:05:03
준우,이렇게 살아났지만,01:05:09,01:05:09,01:05:09
준우,꿈에서 겪은 일,01:05:13,01:05:13,01:05:13
준우,다시 겪을 수 있겠죠?,01:05:18,01:05:18,01:05:18
준우,대답해 줘요,01:05:26,01:05:26,01:05:26
준우,나의 콘실리에리,01:05:29,01:05:29,01:05:29
준우,이제 결단을 내리셔야 할 것 같습니다,01:05:41,01:05:41,01:05:41
명희,이런 일이,01:05:46,01:05:46,01:05:46
명희,다시 일어나지 말란 법도 없습니다,01:05:48,01:05:48,01:05:48
명희,유령으로 남기 싫으시면 정체를 밝히시고,01:05:51,01:05:51,01:05:51
명희,회장에 오르셔야 합니다,01:05:57,01:05:57,01:05:57
명희,이렇게 잘 숨기고 살아왔는데?,01:06:00,01:06:00,01:06:00
명희,더 이상 숨기는 건,01:06:02,01:06:02,01:06:02
명희,회장님의 가장 큰 약점이 될 겁니다,01:06:04,01:06:04,01:06:04
명희,이번 일처럼요,01:06:08,01:06:08,01:06:08
명희,"[한숨 쉬며] 아이고, 우리 동생",01:06:11,01:06:11,01:06:11
명희,쏘려면 확실하게 쏘지,01:06:15,01:06:15,01:06:15
명희,단정 짓지 마시죠,01:06:18,01:06:18,01:06:18
명희,진짜 사고였을 수도 있습니다,01:06:21,01:06:21,01:06:21
명희,사고?,01:06:23,01:06:23,01:06:23
명희,일단 그렇게 생각해 볼게요,01:06:28,01:06:28,01:06:28
설명,[분위기가 고조되는 음악],01:06:45,01:06:45,01:06:45
설명,[한숨],01:07:17,01:07:17,01:07:17
설명,[한숨],01:07:22,01:07:22,01:07:22
설명,[통화 연결음],01:07:31,01:07:31,01:07:31
명희,"아, 예, 변호사님",01:07:35,01:07:35,01:07:35
명희,이따 급히 뵀으면 합니다,01:07:37,01:07:37,01:07:37
설명,[빈센조의 한숨],01:07:43,01:07:43,01:07:43
빈센조,[조 사장의 헛기침] 예,01:07:48,01:07:48,01:07:48
빈센조,갑자기 무슨 일입니까?,01:07:50,01:07:50,01:07:50
설명,[안경을 탁자에 달그락 내려놓는다],01:07:57,01:07:57,01:07:57
조 사장,사실 제 딸이,01:08:00,01:08:00,01:08:00
조 사장,지난달부터 바이올린 교습을 못 나가게 됐습니다,01:08:03,01:08:03,01:08:03
조 사장,아내도 필라테스를 그만뒀고요,01:08:08,01:08:08,01:08:08
조 사장,제 상황이 그 정도로 안 좋습니다,01:08:12,01:08:12,01:08:12
조 사장,그래서,01:08:16,01:08:16,01:08:16
조 사장,제 몫의 금을 조금 빨리…,01:08:18,01:08:18,01:08:18
빈센조,아…,01:08:21,01:08:21,01:08:21
빈센조,밀실에 있는 금을 꺼내자는 얘기죠?,01:08:24,01:08:24,01:08:24
빈센조,"예, 가지고 나올 만큼만 꺼내고",01:08:25,01:08:25,01:08:25
빈센조,밀실 상태도 좀 확인해 보고요,01:08:29,01:08:29,01:08:29
설명,[빈센조의 생각하는 신음],01:08:31,01:08:31,01:08:31
설명,[조 사장의 한숨],01:08:33,01:08:33,01:08:33
설명,[숨을 들이켠다],01:08:35,01:08:35,01:08:35
빈센조,필요한 돈이 얼마나 되는데요?,01:08:36,01:08:36,01:08:36
빈센조,내가 바로 해 드릴게요,01:08:39,01:08:39,01:08:39
설명,[놀란 숨소리],01:08:40,01:08:40,01:08:40
설명,[반가운 숨소리],01:08:42,01:08:42,01:08:42
빈센조,당장 막아야 할 돈이 300억입니다,01:08:44,01:08:44,01:08:44
빈센조,네?,01:08:53,01:08:53,01:08:53
빈센조,"300억입니다, 300억",01:08:54,01:08:54,01:08:54
빈센조,"아니, 뭐 하느라 그렇게 많은 돈을…",01:08:56,01:08:56,01:08:56
설명,[조 사장의 한숨],01:08:58,01:08:58,01:08:58
조 사장,[빈센조의 헛웃음] 제가 요 몇 달 동안,01:09:00,01:09:00,01:09:00
조 사장,"뭐, 가상 화폐, 주식, 경마 스포츠 복권에 아주 몰빵…",01:09:02,01:09:02,01:09:02
조 사장,"[버럭 하며] 야, 이씨!",01:09:06,01:09:06,01:09:06
설명,[성난 신음],01:09:09,01:09:09,01:09:09
설명,[빈센조의 거친 숨소리],01:09:10,01:09:10,01:09:10
조 사장,"죄송, 죄송합니다, 이런, 개…",01:09:13,01:09:13,01:09:13
조 사장,"아니, 제가…",01:09:13,01:09:13,01:09:13
조 사장,"아이, 죄송합니다, 죄송합니다 변호사님, 죄송합니다",01:09:15,01:09:15,01:09:15
설명,[빈센조의 거친 숨소리],01:09:17,01:09:17,01:09:17
조 사장,"아이씨, 아, 죄송합니다",01:09:18,01:09:18,01:09:18
조 사장,"아니, 진짜 제가 죄송합니다",01:09:19,01:09:19,01:09:19
조 사장,"아, 그런 거 안 하시던 분이 왜…",01:09:21,01:09:21,01:09:21
조 사장,"예, 안 했죠",01:09:23,01:09:23,01:09:23
빈센조,그…,01:09:23,01:09:23,01:09:23
조 사장,제가 금만 믿고,01:09:26,01:09:26,01:09:26
조 사장,"하, 과욕을 부렸습니다",01:09:29,01:09:29,01:09:29
설명,[빈센조가 숨을 후 내뱉는다],01:09:33,01:09:33,01:09:33
설명,[빈센조의 한숨],01:09:35,01:09:35,01:09:35
빈센조,일단 알겠습니다,01:09:38,01:09:38,01:09:38
설명,[한숨],01:09:43,01:09:43,01:09:43
빈센조,급한 액수만큼 금부터 꺼내고,01:09:44,01:09:44,01:09:44
빈센조,그다음에 나랑 얘기 좀 합시다,01:09:47,01:09:47,01:09:47
빈센조,"예, 예, 아유, 감사합니다",01:09:48,01:09:48,01:09:48
조 사장,감사합니다,01:09:50,01:09:50,01:09:50
조 사장,"아, 근데 금을 꺼내려면 몇 시간 걸릴 텐데",01:09:52,01:09:52,01:09:52
조 사장,난약사는 어떻게 하는 게 좋겠습니까?,01:09:55,01:09:55,01:09:55
설명,[흥미로운 음악],01:09:59,01:09:59,01:09:59
설명,[한숨],01:10:00,01:10:00,01:10:00
설명,[차영의 한숨],01:10:06,01:10:06,01:10:06
설명,[한숨],01:10:11,01:10:11,01:10:11
조 사장,"씁, 어떻게 스님들이 자리를 비우게 하지?",01:10:13,01:10:13,01:10:13
조 사장,제가 두 분 모시고 나들이라도 다녀올까요?,01:10:16,01:10:16,01:10:16
조 사장,아니요,01:10:19,01:10:19,01:10:19
조 사장,프라자 문을 닫고 사람들도 없어야 돼요,01:10:21,01:10:21,01:10:21
조 사장,[빈센조의 한숨] 하긴,01:10:23,01:10:23,01:10:23
조 사장,프라자 분들 워낙 서로 왕래가 잦아서요,01:10:25,01:10:25,01:10:25
조 사장,언제 불쑥 올지 모르죠,01:10:28,01:10:28,01:10:28
조 사장,좋은 생각이 하나 있어요,01:10:35,01:10:35,01:10:35
홍식,갑자기 뭔 소리여?,01:10:38,01:10:38,01:10:38
홍식,1박 2일 온천 관광이라니?,01:10:40,01:10:40,01:10:40
빈센조,"[흥미로운 음악] 그, 여러분들",01:10:41,01:10:41,01:10:41
빈센조,"그동안 여러 가지로 고생 많으셨잖아요, 그래서",01:10:43,01:10:43,01:10:43
빈센조,[손뼉을 치며] 제가 보내 드리려고요,01:10:45,01:10:45,01:10:45
차영,"모두 가셔서 몸 좀 푹 푸시고 가뿐한 마음으로 돌아오세요, 응",01:10:48,01:10:48,01:10:48
차영,자,01:10:53,01:10:53,01:10:53
차영,요것들 한번 읽어 보시고,01:10:54,01:10:54,01:10:54
주성,"어, 비용은 저희 지푸라기에서 모두 부담합니다",01:10:56,01:10:56,01:10:56
주성,"제가 특별히 수온 53도, 산도 8.3의",01:10:59,01:10:59,01:10:59
주성,약알칼리성 온천으로 알아봤습니다,01:11:03,01:11:03,01:11:03
래리 강,저는 레슨이 매일 있어 가지고요,01:11:06,01:11:06,01:11:06
래리 강,이게 하루 빠지면 원생들이 되게 싫어들 하거든요,01:11:08,01:11:08,01:11:08
연진,"아유, 나도 놀러 가려면 옷도 사야 되고",01:11:11,01:11:11,01:11:11
연진,돈 나갈 일 생겨서 싫어요,01:11:13,01:11:13,01:11:13
연진,"난 갈래요, 힐링이 필요해",01:11:15,01:11:15,01:11:15
수남과 미쓰 양,나도,01:11:17,01:11:17,01:11:17
철욱,저도 간만에 때 좀 벗겨야겠습니다,01:11:19,01:11:19,01:11:19
설명,[차영과 빈센조의 웃음],01:11:21,01:11:21,01:11:21
철욱,제 등 좀 밀어 주실 분?,01:11:22,01:11:22,01:11:22
철욱,제가 아주 빡빡 밀어 드리겠습니다,01:11:23,01:11:23,01:11:23
설명,[탄성],01:11:25,01:11:25,01:11:25
철욱,상상만 해도 시원해,01:11:27,01:11:27,01:11:27
설명,[철욱과 기석의 웃음],01:11:28,01:11:28,01:11:28
희수,지금 우리 상황에 무슨 온천이에요,01:11:30,01:11:30,01:11:30
희수,먹고살기도 바쁜데,01:11:32,01:11:32,01:11:32
희수,저희도 절을 비울 수가 없어서요,01:11:34,01:11:34,01:11:34
차영,두 스님이야말로 습기 많은 곳에 계셔서,01:11:36,01:11:36,01:11:36
차영,피부 관리 하셔야 됩니다 [빈센조가 호응한다],01:11:38,01:11:38,01:11:38
채신,저 아기 피부입니다,01:11:41,01:11:41,01:11:41
채신,괜찮습니다,01:11:42,01:11:42,01:11:42
기석,"가요, 아…",01:11:44,01:11:44,01:11:44
연진,싫어!,01:11:44,01:11:44,01:11:44
주성,"아, 아, 아!",01:11:45,01:11:45,01:11:45
주성,"그거 말씀 안 드렸네, 상금!",01:11:49,01:11:49,01:11:49
설명,[흥미로운 음악],01:11:51,01:11:51,01:11:51
주성,최고의 온천 여행 사진을 찍으신 분께,01:11:52,01:11:52,01:11:52
주성,상금으로 현금,01:11:55,01:11:55,01:11:55
주성,2천만 원!,01:11:57,01:11:57,01:11:57
연진,"2천, 2천? 2천 [사람들의 놀란 신음]",01:11:58,01:11:58,01:11:58
연진,드립니다,01:12:02,01:12:02,01:12:02
빈센조,[작은 목소리로] 지금 무슨 말씀 하시는 거예요?,01:12:03,01:12:03,01:12:03
설명,[주성의 어색한 웃음],01:12:05,01:12:05,01:12:05
주성,[빈센조를 토닥이며] 그래요,01:12:06,01:12:06,01:12:06
설명,[의미심장한 음악],01:12:08,01:12:08,01:12:08
주성,이 바벨타워는,01:12:10,01:12:10,01:12:10
한서,바벨그룹의 수익 창출을 위해 만든 게 아닙니다,01:12:12,01:12:12,01:12:12
한서,"여기 계신 의원님들, 우리 단체장님들",01:12:15,01:12:15,01:12:15
한서,그리고 지검장님에 대한 보답입니다,01:12:18,01:12:18,01:12:18
한서,"앞으로 우리 바벨그룹 미래에 도움을 주는 분들께는 뭐, 한",01:12:21,01:12:21,01:12:21
한서,요 정도?,01:12:27,01:12:27,01:12:27
한서,선물을 드릴까 합니다,01:12:29,01:12:29,01:12:29
한서,선착순 펜트하우스부터요,01:12:30,01:12:30,01:12:30
설명,[한서의 웃음],01:12:33,01:12:33,01:12:33
한서,"어, 이거 날이면 날마다 오는 기회가 아니에요",01:12:35,01:12:35,01:12:35
한서,"오늘뿐입니다, 오늘",01:12:36,01:12:36,01:12:36
한서,여러분들 지금 결정이 미래에 아주 막…,01:12:38,01:12:38,01:12:38
설명,[문이 달칵 열린다],01:12:40,01:12:40,01:12:40
한서,"아이씨, 뭐야, 무슨 일이야?",01:12:41,01:12:41,01:12:41
설명,[긴장되는 음악],01:12:44,01:12:44,01:12:44
준우,회장님,01:13:05,01:13:05,01:13:05
준우,일을 그렇게 하면 어떡해요? [문이 탁 닫힌다],01:13:07,01:13:07,01:13:07
준우,홈 쇼핑도 아니고,01:13:09,01:13:09,01:13:09
황 지검장,어이,01:13:11,01:13:11,01:13:11
황 지검장,"거, 뭡니까?",01:13:13,01:13:13,01:13:13
준우,지검장님,01:13:15,01:13:15,01:13:15
준우,잘 계셨어요?,01:13:17,01:13:17,01:13:17
황 지검장,누구?,01:13:20,01:13:20,01:13:20
준우,"아, 그때 내가, 그 헬멧이랑 마스크를 쓰고 있어 가지고",01:13:22,01:13:22,01:13:22
준우,얼굴을 못 보셨구나?,01:13:25,01:13:25,01:13:25
설명,[헛웃음],01:13:27,01:13:27,01:13:27
준우,이츠 미!,01:13:30,01:13:30,01:13:30
설명,[긴장되는 음악],01:13:32,01:13:32,01:13:32
설명,[준우의 힘주는 신음],01:13:37,01:13:37,01:13:37
설명,[놀란 신음],01:13:40,01:13:40,01:13:40
설명,[준우의 웃음],01:13:41,01:13:41,01:13:41
명희,저는 바벨그룹의 법무 대리,01:13:44,01:13:44,01:13:44
명희,법무 법인 우상의 최명희 변호사입니다,01:13:47,01:13:47,01:13:47
명희,그리고 이분은 바벨그룹의 장남이시자,01:13:52,01:13:52,01:13:52
명희,여기 계신 장한서 회장님의 형님이십니다,01:13:56,01:13:56,01:13:56
설명,[사람들이 웅성거린다],01:14:01,01:14:01,01:14:01
설명,[웃음],01:14:06,01:14:06,01:14:06
준우,"아이, 민망하네",01:14:08,01:14:08,01:14:08
설명,[숨을 들이켠다],01:14:10,01:14:10,01:14:10
준우,장한석이라고 합니다,01:14:11,01:14:11,01:14:11
준우,이 시간부터 바벨그룹은 제가 이끕니다 [의미심장한 음악],01:14:14,01:14:14,01:14:14
설명,[준우의 웃음],01:14:20,01:14:20,01:14:20
설명,[떨리는 숨소리],01:14:23,01:14:23,01:14:23
준우,내 동생 지금까지 고생 많았어,01:14:24,01:14:24,01:14:24
준우,일로 와,01:14:28,01:14:28,01:14:28
설명,[준우의 힘주는 신음],01:14:33,01:14:33,01:14:33
설명,[준우의 웃음],01:14:34,01:14:34,01:14:34
준우,아파서 죽는 줄 알았잖아 [음 소거 효과음] *새끼야,01:14:37,01:14:37,01:14:37
설명,[떨리는 숨소리],01:14:40,01:14:40,01:14:40
설명,[준우의 한숨],01:14:41,01:14:41,01:14:41
주성,"자, 자, 어서들 타세요",01:14:47,01:14:47,01:14:47
석도,"아이고, 어서 오십시오",01:14:49,01:14:49,01:14:49
석도,"자, 우리 바이바이벌룬에서 제공하는 무료 리무진 버스",01:14:50,01:14:50,01:14:50
석도,오늘 기름값도 오늘 제가 내겠습니다,01:14:53,01:14:53,01:14:53
석도,"어휴, 생색 무지하게 낸다, 정말",01:14:55,01:14:55,01:14:55
설명,[사람들의 웃음],01:14:59,01:14:59,01:14:59
희수,"아휴, 차가 좋아",01:15:00,01:15:00,01:15:00
철욱,그럼 잘 다녀오겠습니다,01:15:01,01:15:01,01:15:01
빈센조,예,01:15:03,01:15:03,01:15:03
빈센조,우리끼리만 가서 너무 미안하네,01:15:05,01:15:05,01:15:05
철욱,"아유, 그러게요",01:15:05,01:15:05,01:15:05
희수,"타자, 얼른 가 [철욱이 호응한다]",01:15:08,01:15:08,01:15:08
설명,[어색한 웃음],01:15:11,01:15:11,01:15:11
설명,[사람들이 저마다 말한다],01:15:12,01:15:12,01:15:12
설명,[빈센조의 어색한 웃음],01:15:18,01:15:18,01:15:18
설명,[자동차 시동음],01:15:22,01:15:22,01:15:22
희수,"와, 진짜 대박",01:15:24,01:15:24,01:15:24
희수,"예, 예",01:15:28,01:15:28,01:15:28
설명,[흥미진진한 음악],01:15:30,01:15:30,01:15:30
조 사장,가시죠,01:15:31,01:15:31,01:15:31
빈센조,난약사,01:15:55,01:15:55,01:15:55
빈센조,"하, 들어가시죠",01:15:57,01:15:57,01:15:57
조 사장,"어, 문이?",01:16:00,01:16:00,01:16:00
조 사장,열려 있네요,01:16:03,01:16:03,01:16:03
조 사장,"[목탁 소리 효과음] 아, 중생들을 위해서 항상 열어 둔다고 하네요",01:16:04,01:16:04,01:16:04
설명,[조 사장의 한숨],01:16:17,01:16:17,01:16:17
조 사장,"잠시 실례하겠습니다, 부처님",01:16:18,01:16:18,01:16:18
설명,[목탁 소리 효과음],01:16:22,01:16:22,01:16:22
설명,[흥미진진한 음악],01:16:32,01:16:32,01:16:32
조 사장,"노루발, 노루발",01:16:46,01:16:46,01:16:46
빈센조,"아, 예, 예",01:16:47,01:16:47,01:16:47
빈센조,어디?,01:16:50,01:16:50,01:16:50
조 사장,"여기, 여기",01:16:50,01:16:50,01:16:50
빈센조,"하나, 둘, 셋",01:16:51,01:16:51,01:16:51
함께,"하나, 둘, 셋",01:16:55,01:16:55,01:16:55
조 사장,잡아 [빈센조의 힘주는 신음],01:16:57,01:16:57,01:16:57
설명,[소란스럽다],01:16:59,01:16:59,01:16:59
조 사장,"아이, 다시, 다시, 다시",01:17:01,01:17:01,01:17:01
함께,"하나, 둘, 셋 [빨리 감기 효과음]",01:17:05,01:17:05,01:17:05
빈센조,"잡아, 잡아!",01:17:07,01:17:07,01:17:07
설명,[조 사장과 빈센조의 거친 숨소리],01:17:15,01:17:15,01:17:15
설명,[버튼 조작음],01:17:23,01:17:23,01:17:23
설명,[시스템 작동음],01:17:24,01:17:24,01:17:24
설명,[문이 철컥 열린다],01:17:26,01:17:26,01:17:26
조 사장,예스! [빈센조가 조 사장을 퍽퍽 토닥인다],01:17:27,01:17:27,01:17:27
설명,[조 사장의 힘주는 신음],01:17:35,01:17:35,01:17:35
조 사장,이거 도와주세요,01:17:40,01:17:40,01:17:40
조 사장,"이거, 이거 잡아 주세요, 이거를",01:17:43,01:17:43,01:17:43
빈센조,"아, 예",01:17:45,01:17:45,01:17:45
조 사장,같이,01:17:45,01:17:45,01:17:45
조 사장,하나…,01:17:46,01:17:46,01:17:46
빈센조,"잠깐만요, 잡았어요",01:17:46,01:17:46,01:17:46
빈센조,"힘줘요, 힘줘, 힘줘",01:17:49,01:17:49,01:17:49
설명,[조 사장의 힘주는 신음],01:17:51,01:17:51,01:17:51
설명,[조 사장의 힘겨운 신음] [빈센조의 한숨],01:17:59,01:17:59,01:17:59
설명,[떨리는 숨소리],01:18:05,01:18:05,01:18:05
조 사장,"손, 손",01:18:10,01:18:10,01:18:10
설명,[조 사장이 중얼거린다],01:18:13,01:18:13,01:18:13
설명,[빈센조의 힘주는 신음],01:18:17,01:18:17,01:18:17
설명,[리드미컬한 음악],01:18:41,01:18:41,01:18:41
조 사장,드디어 오늘,01:19:15,01:19:15,01:19:15
조 사장,이걸 보게 되네요,01:19:19,01:19:19,01:19:19
조 사장,봐도 믿기지가 않네요,01:19:22,01:19:22,01:19:22
조 사장,이게 다 금이라니,01:19:24,01:19:24,01:19:24
설명,[함께 웃는다],01:19:26,01:19:26,01:19:26
조 사장,문화재 같은 것들도 있네요,01:19:42,01:19:42,01:19:42
설명,[웃음],01:19:45,01:19:45,01:19:45
설명,[거친 신음],01:19:48,01:19:48,01:19:48
설명,[총이 철컥 장전된다],01:19:51,01:19:51,01:19:51
설명,[의미심장한 음악],01:19:55,01:19:55,01:19:55
설명,[분위기가 고조되는 음악],01:20:28,01:20:28,01:20:28
